,aggregationLevels,aggregationType,attributeValues,categoryCombo,code,domainType,formName,id,legendSets,name,sharing,shortName,translations,valueType,zeroIsSignificant,description,optionSet
0,[],AVERAGE_SUM_ORG_UNIT,[],{'id': 'bjDvmb4bfuf'},GEN_POP_NUM,AGGREGATE,Population,DkmMEcubiPv,[],GEN - Population,"{'external': False, 'owner': 'vUeLeQMSwhN', 'public': 'rw------', 'userGroups': {}, 'users': {}}",GEN - Population,[],INTEGER_ZERO_OR_POSITIVE,False,,
1,[],AVERAGE_SUM_ORG_UNIT,[],{'id': 'bjDvmb4bfuf'},GEN_POP_NUM_15Y,AGGREGATE,Population,cPLAnOTldta,[],GEN - Population < 15years,"{'external': False, 'owner': 'vUeLeQMSwhN', 'public': 'r-------', 'userGroups': {}, 'users': {}}",GEN - Population < 15years,"[{'locale': 'uz_UZ', 'property': 'DESCRIPTION', 'value': 'Барча аҳолиси'}, {'locale': 'pt', 'property': 'FORM_NAME', 'value': 'População'}, {'locale': 'ar_SD', 'property': 'FORM_NAME', 'value': 'عدد السكان'}, {'locale': 'uz', 'property': 'DESCRIPTION', 'value': 'Барча аҳолиси'}, {'locale': 'pt', 'property': 'DESCRIPTION', 'value': 'População total'}, {'locale': 'fr', 'property': 'DESCRIPTION', 'value': 'Population totale'}, {'locale': 'ar', 'property': 'FORM_NAME', 'value': 'عدد السكان'}, {'locale': 'ar_SD', 'property': 'DESCRIPTION', 'value': 'عدد السكان الإجمالي'}, {'locale': 'cs', 'property': 'DESCRIPTION', 'value': 'Celková populace'}, {'locale': 'fr', 'property': 'SHORT_NAME', 'value': 'GEN - Population <15 ans'}, {'locale': 'pt_BR', 'property': 'FORM_NAME', 'value': 'População'}, {'locale': 'cs', 'property': 'NAME', 'value': 'GEN - Populace < 15 let'}, {'locale': 'ar_EG', 'property': 'FORM_NAME', 'value': 'عدد السكان'}, {'locale': 'ar_IQ', 'property': 'DESCRIPTION', 'value': 'عدد السكان الإجمالي'}, {'locale': 'cs', 'property': 'SHORT_NAME', 'value': 'GEN - Populace < 15 let'}, {'locale': 'cs', 'property': 'FORM_NAME', 'value': 'Obyvatelstvo'}, {'locale': 'fr', 'property': 'NAME', 'value': 'GEN - Population <15 ans'}, {'locale': 'ar_IQ', 'property': 'FORM_NAME', 'value': 'عدد السكان'}, {'locale': 'id', 'property': 'FORM_NAME', 'value': 'Penduduk'}, {'locale': 'uz', 'property': 'FORM_NAME', 'value': 'Аҳолиси'}, {'locale': 'pt_BR', 'property': 'DESCRIPTION', 'value': 'População total'}, {'locale': 'ar', 'property': 'DESCRIPTION', 'value': 'عدد السكان الإجمالي'}, {'locale': 'fr', 'property': 'FORM_NAME', 'value': 'Population totale'}, {'locale': 'uz_UZ', 'property': 'FORM_NAME', 'value': 'Аҳолиси'}, {'locale': 'ar_EG', 'property': 'DESCRIPTION', 'value': 'عدد السكان الإجمالي'}]",INTEGER_ZERO_OR_POSITIVE,True,Total population,
2,[],LAST,[],{'id': 'bjDvmb4bfuf'},GEN_POP_NUM_W,AGGREGATE,Population Weekly,iLEkjJcYTJd,[],GEN - Population weekly,"{'external': False, 'owner': 'vUeLeQMSwhN', 'public': 'r-------', 'userGroups': {}, 'users': {}}",GEN - Population weekly,"[{'locale': 'ar_IQ', 'property': 'DESCRIPTION', 'value': 'عدد السكان الإجمالي'}, {'locale': 'uz_UZ', 'property': 'DESCRIPTION', 'value': 'Барча аҳолиси'}, {'locale': 'fr', 'property': 'FORM_NAME', 'value': 'Population hebdomadaire '}, {'locale': 'uz', 'property': 'DESCRIPTION', 'value': 'Барча аҳолиси'}, {'locale': 'pt', 'property': 'DESCRIPTION', 'value': 'População total'}, {'locale': 'fr', 'property': 'DESCRIPTION', 'value': 'Population totale'}, {'locale': 'fr', 'property': 'NAME', 'value': 'GEN - Population hebdomadaire'}, {'locale': 'ar_SD', 'property': 'DESCRIPTION', 'value': 'عدد السكان الإجمالي'}, {'locale': 'fr', 'property': 'SHORT_NAME', 'value': 'GEN - Population hebdomadaire'}, {'locale': 'ar', 'property': 'DESCRIPTION', 'value': 'عدد السكان الإجمالي'}, {'locale': 'pt_BR', 'property': 'DESCRIPTION', 'value': 'População total'}, {'locale': 'cs', 'property': 'DESCRIPTION', 'value': 'Celková populace'}, {'locale': 'ar_EG', 'property': 'DESCRIPTION', 'value': 'عدد السكان الإجمالي'}]",INTEGER_ZERO_OR_POSITIVE,True,Total population,
3,[],SUM,[],{'id': 'bjDvmb4bfuf'},,AGGREGATE,Total number of reports received/transmitted on time,WpKu7cyd7Zo,[],IDS - Actual_Reports_on_time,"{'external': False, 'owner': 'vUeLeQMSwhN', 'public': 'r-------', 'userGroups': {}, 'users': {}}",Actual_Reports_on_time,"[{'locale': 'fr', 'property': 'NAME', 'value': 'SIMR - Actuel_Rapport_à_temps'}, {'locale': 'cs', 'property': 'NAME', 'value': 'IDS - Actual_Reports_on_time'}, {'locale': 'cs', 'property': 'FORM_NAME', 'value': 'Celkový počet včas přijatých / odeslaných hlášení'}, {'locale': 'fr', 'property': 'FORM_NAME', 'value': 'Nombre Total de rapports reçu/Transmis à temps'}, {'locale': 'cs', 'property': 'DESCRIPTION', 'value': 'Celkový počet přijatých/odeslaných hlášení'}, {'locale': 'fr', 'property': 'DESCRIPTION', 'value': 'Nombre total de rapports reçu/Transmis à temps'}, {'locale': 'fr', 'property': 'SHORT_NAME', 'value': 'Actuel_Rapport_à_temps'}]",INTEGER_ZERO_OR_POSITIVE,False,Total number of reports received/transmitted time,
4,[],SUM,[],{'id': 'bjDvmb4bfuf'},IDS_002,AGGREGATE,AFP confirmed cases due to VDPV during the week,KY2gR9npnfP,[],IDS - Acute Flacid Paralysis (confirmed cases VDPV),"{'external': False, 'owner': 'vUeLeQMSwhN', 'public': 'r-------', 'userGroups': {}, 'users': {}}",Acute Flacid Paralysis (confirmed cases VDPV),"[{'locale': 'fr', 'property': 'FORM_NAME', 'value': 'Cas confirmé de PFA due au PVDV pendant la semaine'}, {'locale': 'fr', 'property': 'DESCRIPTION', 'value': 'Laboratoire'}, {'locale': 'fr', 'property': 'SHORT_NAME', 'value': 'Paralysie Flasque Aigue (Cas confirmé du PVDV)'}, {'locale': 'es', 'property': 'DESCRIPTION', 'value': 'Laboratorio'}, {'locale': 'cs', 'property': 'FORM_NAME', 'value': 'AFP potvrzené případy v důsledku VDPV během týdne'}, {'locale': 'cs', 'property': 'DESCRIPTION', 'value': 'Laboratoř'}, {'locale': 'fr', 'property': 'NAME', 'value': 'SIMR - Paralysie Flasque Aigue (Cas confirmé du PVDV)'}, {'locale': 'ar_EG', 'property': 'DESCRIPTION', 'value': 'المختبر'}, {'locale': 'cs', 'property': 'SHORT_NAME', 'value': 'Přenosná dětská obrna (potvrzené případy VDPV)'}, {'locale': 'pt', 'property': 'DESCRIPTION', 'value': 'Laboratório'}, {'locale': 'ar_IQ', 'property': 'DESCRIPTION', 'value': 'المختبر'}, {'locale': 'ar_SD', 'property': 'DESCRIPTION', 'value': 'المختبر'}, {'locale': 'pt_BR', 'property': 'DESCRIPTION', 'value': 'Laboratório'}, {'locale': 'ar', 'property': 'DESCRIPTION', 'value': 'المختبر'}, {'locale': 'cs', 'property': 'NAME', 'value': 'IDS – Přenosná dětská obrna (potvrzené případy VDPV)'}, {'locale': 'es_US', 'property': 'DESCRIPTION', 'value': 'Laboratorio'}]",INTEGER_ZERO_OR_POSITIVE,True,Laboratory,
5,[],SUM,[],{'id': 'eg8enaFY861'},IDS_001,AGGREGATE,AFP deaths among suspected cases during the week,P666FBECG0N,[],IDS - Acute Flacid Paralysis (Deaths),"{'external': False, 'owner': 'vUeLeQMSwhN', 'public': 'r-------', 'userGroups': {}, 'users': {}}",Acute Flacid Paralysis  (Deaths),"[{'locale': 'fr', 'property': 'DESCRIPTION', 'value': 'Surveillance'}, {'locale': 'fr', 'property': 'SHORT_NAME', 'value': 'Paralysie Flasque Aigue (Décès)'}, {'locale': 'cs', 'property': 'SHORT_NAME', 'value': 'Přenosná dětská obrna (úmrtí)'}, {'locale': 'cs', 'property': 'FORM_NAME', 'value': 'AFP úmrtí mezi podezřelými případy během týdne'}, {'locale': 'fr', 'property': 'FORM_NAME', 'value': 'Décès PFA parmi les cas suspects de la semaine '}, {'locale': 'cs', 'property': 'NAME', 'value': 'IDS – Přenosná dětská obrna (úmrtí)'}, {'locale': 'cs', 'property': 'DESCRIPTION', 'value': 'Dohled'}, {'locale': 'fr', 'property': 'NAME', 'value': 'SIMR - Paralysie Flasque Aiguë (Décès)'}]",INTEGER_ZERO_OR_POSITIVE,True,Surveillance,
6,[],SUM,[],{'id': 'bjDvmb4bfuf'},,AGGREGATE,,yCjneRUc565,[],IDS - Acute Flacid Paralysis outbreak,"{'external': False, 'owner': 'vUeLeQMSwhN', 'public': 'r-------', 'userGroups': {}, 'users': {}}",Acute Flacid Paralysis outbreak,"[{'locale': 'fr', 'property': 'SHORT_NAME', 'value': 'Épidémie de paralysie flacide aiguë'}, {'locale': 'fr', 'property': 'NAME', 'value': 'SIMR - Épidémie de paralysie flacide aiguë'}]",INTEGER_ZERO_OR_POSITIVE,True,,
7,[],SUM,[],{'id': 'eg8enaFY861'},IDS_004,AGGREGATE,AFP suspected cases during the week,qYJ3YYLADtz,[],IDS - Acute Flacid Paralysis (Suspected cases),"{'external': False, 'owner': 'vUeLeQMSwhN', 'public': 'r-------', 'userGroups': {}, 'users': {}}",Acute Flacid Paralysis (Suspected cases),"[{'locale': 'fr', 'property': 'DESCRIPTION', 'value': 'Surveillance'}, {'locale': 'fr', 'property': 'FORM_NAME', 'value': 'PFA cas suspects au cours de la semaine'}, {'locale': 'fr', 'property': 'SHORT_NAME', 'value': 'Paralysie Flasque Aiguë (cas suspects)'}, {'locale': 'fr', 'property': 'NAME', 'value': 'SIMR - Paralysie Flasque Aiguë (cas suspects)'}, {'locale': 'cs', 'property': 'DESCRIPTION', 'value': 'Dohled'}]",INTEGER_ZERO_OR_POSITIVE,True,Surveillance,
8,[],SUM,[],{'id': 'eg8enaFY861'},IDS_005,AGGREGATE,Acute watery diarrhoea deaths among suspected cases during the week,bXn9Kmxnd3r,[],IDS - Acute watery diarrhoea (Deaths),"{'external': False, 'owner': 'vUeLeQMSwhN', 'public': 'r-------', 'userGroups': {}, 'users': {}}",Acute watery diarrhoea (Deaths),"[{'locale': 'fr', 'property': 'DESCRIPTION', 'value': 'Surveillance'}, {'locale': 'cs', 'property': 'NAME', 'value': 'IDS – Akutní vodnatý průjem (úmrtí)'}, {'locale': 'cs', 'property': 'SHORT_NAME', 'value': 'Akutní vodnatý průjem (úmrtí)'}, {'locale': 'cs', 'property': 'FORM_NAME', 'value': 'Akutní vodnatý průjem úmrtí mezi podezřelými případy během týdne'}, {'locale': 'fr', 'property': 'FORM_NAME', 'value': 'Décès Diarrhée aqueuse aigue parmi les cas suspects de la semaine '}, {'locale': 'fr', 'property': 'NAME', 'value': 'SIMR - Diarrhée aqueuse aiguë (Décès)'}, {'locale': 'cs', 'property': 'DESCRIPTION', 'value': 'Dohled'}, {'locale': 'fr', 'property': 'SHORT_NAME', 'value': 'CBS - Diarrhée aqueuse aiguë (Décès)'}]",INTEGER_ZERO_OR_POSITIVE,True,Surveillance,
9,[],SUM,[],{'id': 'bjDvmb4bfuf'},IDS_006,AGGREGATE,Cholera probable case during the week,my2vljFIgT3,[],IDS - Acute watery diarrhoea (RDT cholera positive),"{'external': False, 'owner': 'vUeLeQMSwhN', 'public': 'r-------', 'userGroups': {}, 'users': {}}",Acute watery diarrhoea (RDT cholera positive),"[{'locale': 'fr', 'property': 'DESCRIPTION', 'value': 'Surveillance'}, {'locale': 'fr', 'property': 'SHORT_NAME', 'value': 'Diarrhée aqueuse aigue (TDR cholera positif)'}, {'locale': 'fr', 'property': 'FORM_NAME', 'value': 'Cas probables de choléra pendant la semaine'}, {'locale': 'fr', 'property': 'NAME', 'value': 'SIMR - Diarrhée aqueuse aigue (TDR cholera positif)'}, {'locale': 'cs', 'property': 'DESCRIPTION', 'value': 'Dohled'}]",INTEGER_ZERO_OR_POSITIVE,True,Surveillance,
10,[],SUM,[],{'id': 'eg8enaFY861'},IDS_007,AGGREGATE,Acute watery diarrhoea new suspected cases reported during the epi week,flD9dHHw3Wl,[],IDS - Acute watery diarrhoea (Suspected cases),"{'external': False, 'owner': 'vUeLeQMSwhN', 'public': 'r-------', 'userGroups': {}, 'users': {}}",Acute watery diarrhoea (Suspected cases),"[{'locale': 'fr', 'property': 'DESCRIPTION', 'value': 'Surveillance'}, {'locale': 'fr', 'property': 'SHORT_NAME', 'value': 'Diarrhée aqueuse aigue (Cas suspects)'}, {'locale': 'fr', 'property': 'FORM_NAME', 'value': 'Nouveaux cas suspects de Diarrhée aqueuse  aigue rapporté pendant la semaine épidémiologique '}, {'locale': 'fr', 'property': 'NAME', 'value': 'Diarrhée aqueuse aiguë (cas suspect)'}, {'locale': 'cs', 'property': 'DESCRIPTION', 'value': 'Dohled'}]",INTEGER_ZERO_OR_POSITIVE,True,Surveillance,
11,[],SUM,[],{'id': 'bjDvmb4bfuf'},IDS_008,AGGREGATE,Acute watery diarrhoea more than one case with dehydration during the week,mhh4tZRqbf8,[],IDS - Acute watery diarrhoea (Two cases with DSH),"{'external': False, 'owner': 'vUeLeQMSwhN', 'public': 'r-------', 'userGroups': {}, 'users': {}}",Acute watery diarrhoea (Two cases with DSH),"[{'locale': 'fr', 'property': 'SHORT_NAME', 'value': 'Diarrhée aqueuse aigue (Deux cas avec déshydratation)'}, {'locale': 'fr', 'property': 'DESCRIPTION', 'value': 'Surveillance'}, {'locale': 'fr', 'property': 'FORM_NAME', 'value': ""Plus d'1 cas de diarrhée aqueuse aigue avec déshydratation pendant la semaine ""}, {'locale': 'fr', 'property': 'NAME', 'value': 'SIMR - Diarrhée aqueuse aigue (Deux cas avec déshydratation)'}, {'locale': 'cs', 'property': 'DESCRIPTION', 'value': 'Dohled'}]",INTEGER_ZERO_OR_POSITIVE,True,Surveillance,
12,[],SUM,[],{'id': 'bjDvmb4bfuf'},IDS_012,AGGREGATE,Cholera confirmed cases during the week,FTWXeWdPdVH,[],IDS - Cholera (Confirmed cases),"{'external': False, 'owner': 'vUeLeQMSwhN', 'public': 'r-------', 'userGroups': {}, 'users': {}}",Cholera (Confirmed cases),"[{'locale': 'fr', 'property': 'DESCRIPTION', 'value': 'Surveillance'}, {'locale': 'fr', 'property': 'NAME', 'value': 'SIMR - Choléra (cas confirmé)'}, {'locale': 'fr', 'property': 'FORM_NAME', 'value': 'Cas confirmés de Choléra pendant la semaine '}, {'locale': 'fr', 'property': 'SHORT_NAME', 'value': 'Choléra (Cas confirmés)'}, {'locale': 'cs', 'property': 'NAME', 'value': 'IDS – Cholera (potvrzené případy)'}, {'locale': 'cs', 'property': 'SHORT_NAME', 'value': 'Cholera (potvrzené případy)'}, {'locale': 'cs', 'property': 'FORM_NAME', 'value': 'Cholera potvrzené případy během týdne'}, {'locale': 'cs', 'property': 'DESCRIPTION', 'value': 'Dohled'}]",INTEGER_ZERO_OR_POSITIVE,True,Surveillance,
13,[],SUM,[],{'id': 'eg8enaFY861'},IDS_013,AGGREGATE,Ccholera deaths among suspected cases during the week,miZ7nLeBp1w,[],IDS - Cholera (Deaths),"{'external': False, 'owner': 'vUeLeQMSwhN', 'public': 'r-------', 'userGroups': {}, 'users': {}}",Cholera (Deaths),"[{'locale': 'fr', 'property': 'DESCRIPTION', 'value': 'Surveillance'}, {'locale': 'fr', 'property': 'NAME', 'value': 'Choléra (Décès)'}, {'locale': 'fr', 'property': 'FORM_NAME', 'value': 'Décès Choléra parmi les cas suspects pendant la semaine'}, {'locale': 'fr', 'property': 'SHORT_NAME', 'value': 'Choléra (Décès)'}, {'locale': 'cs', 'property': 'DESCRIPTION', 'value': 'Dohled'}]",INTEGER_ZERO_OR_POSITIVE,True,Surveillance,
14,[],SUM,[],{'id': 'bjDvmb4bfuf'},,AGGREGATE,,fVYqPV4Yfuv,[],IDS - Cholera outbreak,"{'external': False, 'owner': 'vUeLeQMSwhN', 'public': 'r-------', 'userGroups': {}, 'users': {}}",Cholera outbreak,"[{'locale': 'fr', 'property': 'NAME', 'value': 'SIMR - Epidémie de Choléra'}, {'locale': 'fr', 'property': 'SHORT_NAME', 'value': 'Epidémie de Choléra'}]",INTEGER_ZERO_OR_POSITIVE,True,,
15,[],SUM,[],{'id': 'bjDvmb4bfuf'},IDS_014,AGGREGATE,Cholera samples processed during the week,Gn5FOQygSJM,[],IDS - Cholera (Samples processed),"{'external': False, 'owner': 'vUeLeQMSwhN', 'public': 'r-------', 'userGroups': {}, 'users': {}}",Cholera (Samples processed),"[{'locale': 'fr', 'property': 'SHORT_NAME', 'value': 'Choléra (Echantillon traité)'}, {'locale': 'fr', 'property': 'DESCRIPTION', 'value': 'Laboratoire'}, {'locale': 'es', 'property': 'DESCRIPTION', 'value': 'Laboratorio'}, {'locale': 'cs', 'property': 'SHORT_NAME', 'value': 'Cholera (zpracované vzorky)'}, {'locale': 'fr', 'property': 'NAME', 'value': 'SIMR - Choléra (Ehantillon traité)'}, {'locale': 'cs', 'property': 'DESCRIPTION', 'value': 'Laboratoř'}, {'locale': 'cs', 'property': 'FORM_NAME', 'value': 'Vzorky cholery zpracovány během týdne'}, {'locale': 'ar_EG', 'property': 'DESCRIPTION', 'value': 'المختبر'}, {'locale': 'pt', 'property': 'DESCRIPTION', 'value': 'Laboratório'}, {'locale': 'ar_IQ', 'property': 'DESCRIPTION', 'value': 'المختبر'}, {'locale': 'fr', 'property': 'FORM_NAME', 'value': 'Échantillons de choléra traités pendant la semaine'}, {'locale': 'cs', 'property': 'NAME', 'value': 'IDS – Cholera (zpracované vzorky)'}, {'locale': 'ar_SD', 'property': 'DESCRIPTION', 'value': 'المختبر'}, {'locale': 'pt_BR', 'property': 'DESCRIPTION', 'value': 'Laboratório'}, {'locale': 'ar', 'property': 'DESCRIPTION', 'value': 'المختبر'}, {'locale': 'es_US', 'property': 'DESCRIPTION', 'value': 'Laboratorio'}]",INTEGER_ZERO_OR_POSITIVE,True,Laboratory,
16,[],SUM,[],{'id': 'eg8enaFY861'},IDS_015,AGGREGATE,Cholera suspected cases during the week,Sc5efRwnOA9,[],IDS - Cholera (Suspected cases),"{'external': False, 'owner': 'vUeLeQMSwhN', 'public': 'r-------', 'userGroups': {}, 'users': {}}",Cholera (Suspected cases),"[{'locale': 'fr', 'property': 'DESCRIPTION', 'value': 'Surveillance'}, {'locale': 'cs', 'property': 'SHORT_NAME', 'value': 'Cholera (podezřelé případy)'}, {'locale': 'cs', 'property': 'FORM_NAME', 'value': 'Podezřelé případy cholery během týdne'}, {'locale': 'fr', 'property': 'NAME', 'value': 'SIMR - Choléra (cas suspect)'}, {'locale': 'cs', 'property': 'NAME', 'value': 'IDS – Cholera (podezření na případy)'}, {'locale': 'fr', 'property': 'FORM_NAME', 'value': 'Cas suspects de Choléra pendant la semaine'}, {'locale': 'fr', 'property': 'SHORT_NAME', 'value': 'Choléra (Cas suspects)'}, {'locale': 'cs', 'property': 'DESCRIPTION', 'value': 'Dohled'}]",INTEGER_ZERO_OR_POSITIVE,True,Surveillance,
17,[],SUM,[],{'id': 'bjDvmb4bfuf'},,AGGREGATE,Dengue fever alert,j3t0jhGOHhP,[],IDS - Dengue fever alert,"{'external': False, 'owner': 'vUeLeQMSwhN', 'public': 'r-------', 'userGroups': {}, 'users': {}}",Dengue fever alert,"[{'locale': 'fr', 'property': 'FORM_NAME', 'value': 'Alerte fièvre de la dengue'}, {'locale': 'fr', 'property': 'NAME', 'value': 'SIMR - Alerte fièvre de la dengue'}, {'locale': 'fr', 'property': 'SHORT_NAME', 'value': 'Alerte fièvre de la dengue'}]",INTEGER_POSITIVE,True,,
18,[],SUM,[],{'id': 'bjDvmb4bfuf'},IDS_016,AGGREGATE,Dengue Fever confirmed cases during the week,unXcJLrNYNe,[],IDS - Dengue Fever (Confirmed cases),"{'external': False, 'owner': 'vUeLeQMSwhN', 'public': 'r-------', 'userGroups': {}, 'users': {}}",Dengue Fever (Confirmed cases),"[{'locale': 'fr', 'property': 'SHORT_NAME', 'value': 'Fièvre Dengue (Cas confirmés)'}, {'locale': 'fr', 'property': 'DESCRIPTION', 'value': 'Laboratoire'}, {'locale': 'es', 'property': 'DESCRIPTION', 'value': 'Laboratorio'}, {'locale': 'fr', 'property': 'NAME', 'value': 'SIMR - Fièvre de la dengue (cas confirmé)'}, {'locale': 'cs', 'property': 'DESCRIPTION', 'value': 'Laboratoř'}, {'locale': 'ar_EG', 'property': 'DESCRIPTION', 'value': 'المختبر'}, {'locale': 'pt', 'property': 'DESCRIPTION', 'value': 'Laboratório'}, {'locale': 'ar_IQ', 'property': 'DESCRIPTION', 'value': 'المختبر'}, {'locale': 'ar_SD', 'property': 'DESCRIPTION', 'value': 'المختبر'}, {'locale': 'pt_BR', 'property': 'DESCRIPTION', 'value': 'Laboratório'}, {'locale': 'ar', 'property': 'DESCRIPTION', 'value': 'المختبر'}, {'locale': 'es_US', 'property': 'DESCRIPTION', 'value': 'Laboratorio'}, {'locale': 'fr', 'property': 'FORM_NAME', 'value': 'Cas confirmés de Fièvre Dengue pendant la semaine '}]",INTEGER_ZERO_OR_POSITIVE,True,Laboratory,
19,[],SUM,[],{'id': 'eg8enaFY861'},IDS_017,AGGREGATE,Dengue Fever deaths among suspected cases during the week,vd4GxqtKkRC,[],IDS - Dengue Fever (Deaths),"{'external': False, 'owner': 'vUeLeQMSwhN', 'public': 'r-------', 'userGroups': {}, 'users': {}}",Dengue Fever (Deaths),"[{'locale': 'fr', 'property': 'DESCRIPTION', 'value': 'Surveillance'}, {'locale': 'fr', 'property': 'NAME', 'value': 'SIMR - Fièvre de la dengue (décès)'}, {'locale': 'fr', 'property': 'SHORT_NAME', 'value': 'Fièvre de la dengue (Décès)'}, {'locale': 'cs', 'property': 'DESCRIPTION', 'value': 'Dohled'}, {'locale': 'fr', 'property': 'FORM_NAME', 'value': 'Décès Fièvre jaune parmi les cas suspects pendant la semaine épidémiologique '}]",INTEGER_ZERO_OR_POSITIVE,True,Surveillance,
20,[],SUM,[],{'id': 'eg8enaFY861'},IDS_018,AGGREGATE,Dengue Fever new suspected cases reported during the epi week,wryMP8p8k1C,[],IDS - Dengue Fever (Suspected cases),"{'external': False, 'owner': 'vUeLeQMSwhN', 'public': 'r-------', 'userGroups': {}, 'users': {}}",Dengue Fever (Suspected cases),"[{'locale': 'fr', 'property': 'DESCRIPTION', 'value': 'Surveillance'}, {'locale': 'fr', 'property': 'NAME', 'value': 'SIMR - Fièvre de la dengue (cas suspect)'}, {'locale': 'fr', 'property': 'FORM_NAME', 'value': 'Nouveaux cas suspects de Dengue rapportés pendant la semaine épidémiologique'}, {'locale': 'fr', 'property': 'SHORT_NAME', 'value': 'Fièvre de la dengue (Cas suspects)'}, {'locale': 'cs', 'property': 'DESCRIPTION', 'value': 'Dohled'}]",INTEGER_ZERO_OR_POSITIVE,True,Surveillance,
21,[],SUM,[],{'id': 'bjDvmb4bfuf'},,AGGREGATE,Diarrhoea with blood alert,ZYvr5OITjBa,[],IDS - Diarrhoea with blood alert,"{'external': False, 'owner': 'vUeLeQMSwhN', 'public': 'r-------', 'userGroups': {}, 'users': {}}",Diarrhoea with blood alert,"[{'locale': 'cs', 'property': 'FORM_NAME', 'value': 'Průjem s upozorněním na krev'}, {'locale': 'fr', 'property': 'SHORT_NAME', 'value': 'Alerte Diarrhée sanglante'}, {'locale': 'fr', 'property': 'NAME', 'value': 'SIMR - Alerte Diarrhée sanglante'}, {'locale': 'fr', 'property': 'FORM_NAME', 'value': 'Alerte diarrhée sanglante'}, {'locale': 'cs', 'property': 'SHORT_NAME', 'value': 'Průjem s upozorněním na krev'}, {'locale': 'cs', 'property': 'NAME', 'value': 'IDS - Průjem s upozorněním na krev'}]",INTEGER_POSITIVE,True,,
22,[],SUM,[],{'id': 'bjDvmb4bfuf'},IDS_019,AGGREGATE,Shigella confirmed cases during the week,jxvt8LFSx8e,[],IDS - Diarrhoea with blood (Shigella)  (Confirmed cases),"{'external': False, 'owner': 'vUeLeQMSwhN', 'public': 'r-------', 'userGroups': {}, 'users': {}}",Diarrhoea with blood (Shigella)  (Confirmed cases),"[{'locale': 'fr', 'property': 'FORM_NAME', 'value': 'Cas confirmé de Shigella pendant la semaine '}, {'locale': 'fr', 'property': 'DESCRIPTION', 'value': 'Laboratoire'}, {'locale': 'es', 'property': 'DESCRIPTION', 'value': 'Laboratorio'}, {'locale': 'fr', 'property': 'NAME', 'value': 'SIMR - Diarrhée sanglante (Shigella) (Cas confirmés)'}, {'locale': 'cs', 'property': 'DESCRIPTION', 'value': 'Laboratoř'}, {'locale': 'ar_EG', 'property': 'DESCRIPTION', 'value': 'المختبر'}, {'locale': 'pt', 'property': 'DESCRIPTION', 'value': 'Laboratório'}, {'locale': 'ar_IQ', 'property': 'DESCRIPTION', 'value': 'المختبر'}, {'locale': 'fr', 'property': 'SHORT_NAME', 'value': 'Diarrhée sanglante (Shigella) (Cas confirmés)'}, {'locale': 'ar_SD', 'property': 'DESCRIPTION', 'value': 'المختبر'}, {'locale': 'pt_BR', 'property': 'DESCRIPTION', 'value': 'Laboratório'}, {'locale': 'ar', 'property': 'DESCRIPTION', 'value': 'المختبر'}, {'locale': 'es_US', 'property': 'DESCRIPTION', 'value': 'Laboratorio'}]",INTEGER_ZERO_OR_POSITIVE,True,Laboratory,
23,[],SUM,[],{'id': 'eg8enaFY861'},IDS_020,AGGREGATE,Shigella deaths among suspected cases during the week,ddGAKVfTvlQ,[],IDS - Diarrhoea with blood (Shigella)  (Deaths),"{'external': False, 'owner': 'vUeLeQMSwhN', 'public': 'r-------', 'userGroups': {}, 'users': {}}",Diarrhoea with blood (Shigella)  (Deaths),"[{'locale': 'fr', 'property': 'DESCRIPTION', 'value': 'Surveillance'}, {'locale': 'fr', 'property': 'SHORT_NAME', 'value': 'Diarrhée sanglante (Shigella) (Décès)'}, {'locale': 'fr', 'property': 'NAME', 'value': 'SIMR - Diarrhée sanglante (Shigella) (Décès)'}, {'locale': 'fr', 'property': 'FORM_NAME', 'value': 'Décès Shigella parmi les cas suspects pendant la semaine '}, {'locale': 'cs', 'property': 'DESCRIPTION', 'value': 'Dohled'}]",INTEGER_ZERO_OR_POSITIVE,True,Surveillance,
24,[],SUM,[],{'id': 'eg8enaFY861'},IDS_021,AGGREGATE,Shigella new suspected cases reported during the epi week,juTM5EM0Jo0,[],IDS - Diarrhoea with blood (Shigella)  (Suspected cases),"{'external': False, 'owner': 'vUeLeQMSwhN', 'public': 'r-------', 'userGroups': {}, 'users': {}}",Diarrhoea with blood (Shigella)  (Suspected cases),"[{'locale': 'fr', 'property': 'DESCRIPTION', 'value': 'Surveillance'}, {'locale': 'fr', 'property': 'FORM_NAME', 'value': 'Nouveaux cas suspects de Shigella rapportés pendant la semaine épidémiologique '}, {'locale': 'fr', 'property': 'NAME', 'value': 'SIMR - Diarrhée sanglante (Shigella) (Cas suspects)'}, {'locale': 'fr', 'property': 'SHORT_NAME', 'value': 'Diarrhée sanglante (Shigella) (Cas suspects)'}, {'locale': 'cs', 'property': 'DESCRIPTION', 'value': 'Dohled'}]",INTEGER_ZERO_OR_POSITIVE,True,Surveillance,
25,[],SUM,[],{'id': 'bjDvmb4bfuf'},,AGGREGATE,Diptheria alert,qFGp7kAZ5Me,[],IDS - Diptheria alert,"{'external': False, 'owner': 'vUeLeQMSwhN', 'public': 'r-------', 'userGroups': {}, 'users': {}}",Diptheria alert,"[{'locale': 'fr', 'property': 'NAME', 'value': 'SIMR - Alerte Diphtérie '}, {'locale': 'fr', 'property': 'FORM_NAME', 'value': 'Alerte diphtérie'}, {'locale': 'fr', 'property': 'SHORT_NAME', 'value': 'Alerte Diphtérie '}]",INTEGER_POSITIVE,True,,
26,[],SUM,[],{'id': 'bjDvmb4bfuf'},IDS_022,AGGREGATE,Diptheria confirmed cases during the week,X4gFcPKQ8Cw,[],IDS - Diptheria (Confirmed cases),"{'external': False, 'owner': 'vUeLeQMSwhN', 'public': 'r-------', 'userGroups': {}, 'users': {}}",Diptheria (Confirmed cases),"[{'locale': 'fr', 'property': 'NAME', 'value': 'SIMR - Diphtérie (Cas confirmés)'}, {'locale': 'fr', 'property': 'DESCRIPTION', 'value': 'Laboratoire'}, {'locale': 'es', 'property': 'DESCRIPTION', 'value': 'Laboratorio'}, {'locale': 'cs', 'property': 'NAME', 'value': 'IDS – záškrt (potvrzené případy)'}, {'locale': 'cs', 'property': 'DESCRIPTION', 'value': 'Laboratoř'}, {'locale': 'ar_EG', 'property': 'DESCRIPTION', 'value': 'المختبر'}, {'locale': 'pt', 'property': 'DESCRIPTION', 'value': 'Laboratório'}, {'locale': 'ar_IQ', 'property': 'DESCRIPTION', 'value': 'المختبر'}, {'locale': 'cs', 'property': 'FORM_NAME', 'value': 'Záškrt Potvrzené případy během týdne'}, {'locale': 'ar_SD', 'property': 'DESCRIPTION', 'value': 'المختبر'}, {'locale': 'pt_BR', 'property': 'DESCRIPTION', 'value': 'Laboratório'}, {'locale': 'ar', 'property': 'DESCRIPTION', 'value': 'المختبر'}, {'locale': 'cs', 'property': 'SHORT_NAME', 'value': 'Záškrt (potvrzené případy)'}, {'locale': 'es_US', 'property': 'DESCRIPTION', 'value': 'Laboratorio'}, {'locale': 'fr', 'property': 'FORM_NAME', 'value': 'Cas de diphtéries confirmés pendant la semaine'}, {'locale': 'fr', 'property': 'SHORT_NAME', 'value': 'Diphtérie (Cas confirmés)'}]",INTEGER_ZERO_OR_POSITIVE,True,Laboratory,
27,[],SUM,[],{'id': 'eg8enaFY861'},IDS_024,AGGREGATE,Diptheria new suspected cases reported during the epi week,Hrsq0RqGFKO,[],IDS - Diptheria (Suspected cases),"{'external': False, 'owner': 'vUeLeQMSwhN', 'public': 'r-------', 'userGroups': {}, 'users': {}}",Diptheria (Suspected cases),"[{'locale': 'fr', 'property': 'DESCRIPTION', 'value': 'Surveillance'}, {'locale': 'fr', 'property': 'FORM_NAME', 'value': 'Nouveaux cas suspects de Diphtérie rapporté pendant la semaine épidémiologique '}, {'locale': 'fr', 'property': 'NAME', 'value': 'SIMR - Diphtérie (Cas suspects)'}, {'locale': 'cs', 'property': 'FORM_NAME', 'value': 'Nové podezřelé případy záškrtu hlášeny během týdne epi'}, {'locale': 'cs', 'property': 'SHORT_NAME', 'value': 'Záškrt (podezřelé případy)'}, {'locale': 'cs', 'property': 'NAME', 'value': 'IDS – záškrt (podezření na případy)'}, {'locale': 'fr', 'property': 'SHORT_NAME', 'value': 'Diphtérie (Cas suspects)'}, {'locale': 'cs', 'property': 'DESCRIPTION', 'value': 'Dohled'}]",INTEGER_ZERO_OR_POSITIVE,True,Surveillance,
28,[],SUM,[],{'id': 'bjDvmb4bfuf'},IDS_031,AGGREGATE,Measles confirmed cases during the week,yMlASPYVU2v,[],IDS - Measles (Confirmed cases),"{'external': False, 'owner': 'vUeLeQMSwhN', 'public': 'r-------', 'userGroups': {}, 'users': {}}",Measles (Confirmed cases),"[{'locale': 'fr', 'property': 'DESCRIPTION', 'value': 'Laboratoire'}, {'locale': 'es', 'property': 'DESCRIPTION', 'value': 'Laboratorio'}, {'locale': 'fr', 'property': 'FORM_NAME', 'value': 'Cas Confirmés de rage'}, {'locale': 'cs', 'property': 'DESCRIPTION', 'value': 'Laboratoř'}, {'locale': 'ar_EG', 'property': 'DESCRIPTION', 'value': 'المختبر'}, {'locale': 'pt', 'property': 'DESCRIPTION', 'value': 'Laboratório'}, {'locale': 'fr', 'property': 'SHORT_NAME', 'value': 'Rougeole (Cas confirmés)'}, {'locale': 'ar_IQ', 'property': 'DESCRIPTION', 'value': 'المختبر'}, {'locale': 'fr', 'property': 'NAME', 'value': 'SIMR - Rougeole (cas confirmés)'}, {'locale': 'ar_SD', 'property': 'DESCRIPTION', 'value': 'المختبر'}, {'locale': 'pt_BR', 'property': 'DESCRIPTION', 'value': 'Laboratório'}, {'locale': 'ar', 'property': 'DESCRIPTION', 'value': 'المختبر'}, {'locale': 'es_US', 'property': 'DESCRIPTION', 'value': 'Laboratorio'}]",INTEGER_ZERO_OR_POSITIVE,True,Laboratory,
29,[],SUM,[],{'id': 'bjDvmb4bfuf'},,AGGREGATE,,Z1lCDUuuuHg,[],IDS - Measles confirmed outbreak,"{'external': False, 'owner': 'vUeLeQMSwhN', 'public': 'r-------', 'userGroups': {}, 'users': {}}",Measles confirmed outbreak,"[{'locale': 'fr', 'property': 'SHORT_NAME', 'value': 'Epidémie de rougeole confirmée '}, {'locale': 'cs', 'property': 'NAME', 'value': 'IDS - Spalničky potvrzené ohnisko'}, {'locale': 'fr', 'property': 'NAME', 'value': 'SIMR - Epidémie de rougeole confirmée '}, {'locale': 'cs', 'property': 'SHORT_NAME', 'value': 'Spalničky potvrzené ohnisko'}]",INTEGER_ZERO_OR_POSITIVE,True,,
30,[],SUM,[],{'id': 'eg8enaFY861'},IDS_032,AGGREGATE,Measles/rubella deaths among suspected cases during the week,qNsd9cPWNVo,[],IDS - Measles/rubella (Deaths),"{'external': False, 'owner': 'vUeLeQMSwhN', 'public': 'r-------', 'userGroups': {}, 'users': {}}",Measles/rubella (Deaths),"[{'locale': 'fr', 'property': 'DESCRIPTION', 'value': 'Surveillance'}, {'locale': 'fr', 'property': 'NAME', 'value': 'SIMR - Rougeole/rubéole (Décès)'}, {'locale': 'fr', 'property': 'SHORT_NAME', 'value': 'Rougeole/rubeole (Décès)'}, {'locale': 'fr', 'property': 'FORM_NAME', 'value': 'Décès Rougeole/Rubeole parmi les cas suspect durant la semaine '}, {'locale': 'cs', 'property': 'DESCRIPTION', 'value': 'Dohled'}]",INTEGER_ZERO_OR_POSITIVE,True,Surveillance,
31,[],SUM,[],{'id': 'bjDvmb4bfuf'},,AGGREGATE,,mZ08SCurQVX,[],IDS - Measles Suspected outbreak,"{'external': False, 'owner': 'vUeLeQMSwhN', 'public': 'r-------', 'userGroups': {}, 'users': {}}",Measles Suspected outbreak,"[{'locale': 'fr', 'property': 'SHORT_NAME', 'value': 'Epidémie suspecte de rougeole '}, {'locale': 'fr', 'property': 'NAME', 'value': 'SIMR - Epidémie suspecte de rougeole '}]",INTEGER_ZERO_OR_POSITIVE,True,,
32,[],SUM,[],{'id': 'bjDvmb4bfuf'},IDS_034,AGGREGATE,Meningitis - CSF contaminated for the epi week,UXtfpFrG53k,[],IDS - Meningitis (CSF contam),"{'external': False, 'owner': 'vUeLeQMSwhN', 'public': 'r-------', 'userGroups': {}, 'users': {}}",Meningitis (CSF contam),"[{'locale': 'fr', 'property': 'FORM_NAME', 'value': 'Méningite - LCR contaminé pour la semaine épidémiologique '}, {'locale': 'fr', 'property': 'DESCRIPTION', 'value': 'Laboratoire'}, {'locale': 'es', 'property': 'DESCRIPTION', 'value': 'Laboratorio'}, {'locale': 'cs', 'property': 'FORM_NAME', 'value': 'Meningitida - CSF kontaminovaný během epi týdne'}, {'locale': 'cs', 'property': 'DESCRIPTION', 'value': 'Laboratoř'}, {'locale': 'cs', 'property': 'SHORT_NAME', 'value': 'Meningitida (kontaminace mozkomíšního moku)'}, {'locale': 'ar_EG', 'property': 'DESCRIPTION', 'value': 'المختبر'}, {'locale': 'cs', 'property': 'NAME', 'value': 'IDS – Meningitida (kontaminace mozkomíšního moku)'}, {'locale': 'fr', 'property': 'NAME', 'value': 'SIMR - Méningite (LCR contaminés)'}, {'locale': 'pt', 'property': 'DESCRIPTION', 'value': 'Laboratório'}, {'locale': 'ar_IQ', 'property': 'DESCRIPTION', 'value': 'المختبر'}, {'locale': 'ar_SD', 'property': 'DESCRIPTION', 'value': 'المختبر'}, {'locale': 'pt_BR', 'property': 'DESCRIPTION', 'value': 'Laboratório'}, {'locale': 'ar', 'property': 'DESCRIPTION', 'value': 'المختبر'}, {'locale': 'fr', 'property': 'SHORT_NAME', 'value': 'Méningite (LCR contaminés)'}, {'locale': 'es_US', 'property': 'DESCRIPTION', 'value': 'Laboratorio'}]",INTEGER_ZERO_OR_POSITIVE,True,Laboratory,
33,[],SUM,[],{'id': 'bjDvmb4bfuf'},IDS_035,AGGREGATE,Meningitis - CSF negative among samples received for the epi week of the suspected case,RGmtcR1mcfn,[],IDS - Meningitis (CSF negative),"{'external': False, 'owner': 'vUeLeQMSwhN', 'public': 'r-------', 'userGroups': {}, 'users': {}}",Meningitis (CSF negative),"[{'locale': 'fr', 'property': 'DESCRIPTION', 'value': 'Laboratoire'}, {'locale': 'es', 'property': 'DESCRIPTION', 'value': 'Laboratorio'}, {'locale': 'fr', 'property': 'NAME', 'value': 'SIMR - Méningite (LCR négatif)'}, {'locale': 'cs', 'property': 'FORM_NAME', 'value': 'Meningitida - CSF negativní mezi vzorky přijatými v epi týdnu podezřelého případu'}, {'locale': 'cs', 'property': 'DESCRIPTION', 'value': 'Laboratoř'}, {'locale': 'ar_EG', 'property': 'DESCRIPTION', 'value': 'المختبر'}, {'locale': 'fr', 'property': 'FORM_NAME', 'value': 'Méningite - LCR négatifs parmi les échantillons reçu parmi les cas suspects de la semaine épidémiologique'}, {'locale': 'pt', 'property': 'DESCRIPTION', 'value': 'Laboratório'}, {'locale': 'ar_IQ', 'property': 'DESCRIPTION', 'value': 'المختبر'}, {'locale': 'fr', 'property': 'SHORT_NAME', 'value': 'Méningite (LCR négatifs)'}, {'locale': 'cs', 'property': 'SHORT_NAME', 'value': 'Meningitida (CSF negativní)'}, {'locale': 'ar_SD', 'property': 'DESCRIPTION', 'value': 'المختبر'}, {'locale': 'pt_BR', 'property': 'DESCRIPTION', 'value': 'Laboratório'}, {'locale': 'ar', 'property': 'DESCRIPTION', 'value': 'المختبر'}, {'locale': 'es_US', 'property': 'DESCRIPTION', 'value': 'Laboratorio'}, {'locale': 'cs', 'property': 'NAME', 'value': 'IDS – Meningitida (CSF negativní)'}]",INTEGER_ZERO_OR_POSITIVE,True,Laboratory,
34,[],SUM,[],{'id': 'bjDvmb4bfuf'},IDS_036,AGGREGATE,Meningitis deaths reported during the week,K2Ky3gBe2sB,[],IDS - Meningitis (Deaths),"{'external': False, 'owner': 'vUeLeQMSwhN', 'public': 'r-------', 'userGroups': {}, 'users': {}}",Meningitis (Deaths),"[{'locale': 'fr', 'property': 'DESCRIPTION', 'value': 'Surveillance'}, {'locale': 'cs', 'property': 'SHORT_NAME', 'value': 'Meningitida (úmrtí)'}, {'locale': 'fr', 'property': 'FORM_NAME', 'value': 'Décès Méningite rapporté pendant la semaine '}, {'locale': 'fr', 'property': 'SHORT_NAME', 'value': 'Méningite (décès)'}, {'locale': 'cs', 'property': 'NAME', 'value': 'IDS – meningitida (úmrtí)'}, {'locale': 'fr', 'property': 'NAME', 'value': 'SIMR - Méningite (Décès)'}, {'locale': 'cs', 'property': 'FORM_NAME', 'value': 'Úmrtí na meningitidu hlášená v průběhu týdne'}, {'locale': 'cs', 'property': 'DESCRIPTION', 'value': 'Dohled'}]",INTEGER_ZERO_OR_POSITIVE,True,Surveillance,
35,[],SUM,[],{'id': 'bjDvmb4bfuf'},IDS_037,AGGREGATE,Meningitis - GBS (Streptococcus agalactiae) confirmed cases for the epi week of the suspected case,IwElS2y8uzq,[],IDS - Meningitis (GBS),"{'external': False, 'owner': 'vUeLeQMSwhN', 'public': 'r-------', 'userGroups': {}, 'users': {}}",Meningitis (GBS),"[{'locale': 'fr', 'property': 'SHORT_NAME', 'value': 'Méningite (SGB)'}, {'locale': 'fr', 'property': 'DESCRIPTION', 'value': 'Laboratoire'}, {'locale': 'es', 'property': 'DESCRIPTION', 'value': 'Laboratorio'}, {'locale': 'fr', 'property': 'FORM_NAME', 'value': 'Méningite - Cas confirmés SGB (Streptococcus agalatiae) parmi les cas suspects de la semaine épidémiologique'}, {'locale': 'cs', 'property': 'NAME', 'value': 'IDS – meningitida (GBS)'}, {'locale': 'cs', 'property': 'DESCRIPTION', 'value': 'Laboratoř'}, {'locale': 'ar_EG', 'property': 'DESCRIPTION', 'value': 'المختبر'}, {'locale': 'cs', 'property': 'SHORT_NAME', 'value': 'meningitida (GBS)'}, {'locale': 'pt', 'property': 'DESCRIPTION', 'value': 'Laboratório'}, {'locale': 'cs', 'property': 'FORM_NAME', 'value': 'Meningitida – GBS (Streptococcus agalactiae) potvrzené případy v epi týdnu podezřelého případu'}, {'locale': 'ar_IQ', 'property': 'DESCRIPTION', 'value': 'المختبر'}, {'locale': 'fr', 'property': 'NAME', 'value': 'SIMR - Méningite (SGB)'}, {'locale': 'ar_SD', 'property': 'DESCRIPTION', 'value': 'المختبر'}, {'locale': 'pt_BR', 'property': 'DESCRIPTION', 'value': 'Laboratório'}, {'locale': 'ar', 'property': 'DESCRIPTION', 'value': 'المختبر'}, {'locale': 'es_US', 'property': 'DESCRIPTION', 'value': 'Laboratorio'}]",INTEGER_ZERO_OR_POSITIVE,True,Laboratory,
36,[],SUM,[],{'id': 'bjDvmb4bfuf'},IDS_038,AGGREGATE,Meningitis - Hib confirmed cases for the epi week of the suspected case,e27MJXqMPAW,[],IDS - Meningitis (Hib),"{'external': False, 'owner': 'vUeLeQMSwhN', 'public': 'r-------', 'userGroups': {}, 'users': {}}",Meningitis (Hib),"[{'locale': 'cs', 'property': 'SHORT_NAME', 'value': 'Meningitida (Hib)'}, {'locale': 'fr', 'property': 'DESCRIPTION', 'value': 'Laboratoire'}, {'locale': 'es', 'property': 'DESCRIPTION', 'value': 'Laboratorio'}, {'locale': 'fr', 'property': 'NAME', 'value': 'Méningite (Hib)'}, {'locale': 'cs', 'property': 'DESCRIPTION', 'value': 'Laboratoř'}, {'locale': 'ar_EG', 'property': 'DESCRIPTION', 'value': 'المختبر'}, {'locale': 'fr', 'property': 'SHORT_NAME', 'value': 'Méningite (Hib)'}, {'locale': 'pt', 'property': 'DESCRIPTION', 'value': 'Laboratório'}, {'locale': 'ar_IQ', 'property': 'DESCRIPTION', 'value': 'المختبر'}, {'locale': 'ar_SD', 'property': 'DESCRIPTION', 'value': 'المختبر'}, {'locale': 'pt_BR', 'property': 'DESCRIPTION', 'value': 'Laboratório'}, {'locale': 'fr', 'property': 'FORM_NAME', 'value': 'Méningite - Cas Hib confirmés parmi les cas suspects de la semaine epi'}, {'locale': 'ar', 'property': 'DESCRIPTION', 'value': 'المختبر'}, {'locale': 'es_US', 'property': 'DESCRIPTION', 'value': 'Laboratorio'}]",INTEGER_ZERO_OR_POSITIVE,True,Laboratory,
37,[],SUM,[],{'id': 'bjDvmb4bfuf'},IDS_039,AGGREGATE,Meningitis - CSF with lab test in process during the week,Nj943YZm5J0,[],IDS - Meningitis (In process),"{'external': False, 'owner': 'vUeLeQMSwhN', 'public': 'r-------', 'userGroups': {}, 'users': {}}",Meningitis (In process),"[{'locale': 'cs', 'property': 'SHORT_NAME', 'value': 'Meningitida (v procesu)'}, {'locale': 'fr', 'property': 'DESCRIPTION', 'value': 'Laboratoire'}, {'locale': 'es', 'property': 'DESCRIPTION', 'value': 'Laboratorio'}, {'locale': 'cs', 'property': 'DESCRIPTION', 'value': 'Laboratoř'}, {'locale': 'ar_EG', 'property': 'DESCRIPTION', 'value': 'المختبر'}, {'locale': 'fr', 'property': 'FORM_NAME', 'value': 'Méningite - LCR avec test de laboratoire en cours pendant la semaine'}, {'locale': 'fr', 'property': 'NAME', 'value': 'SIMR - Méningite (en cours)'}, {'locale': 'pt', 'property': 'DESCRIPTION', 'value': 'Laboratório'}, {'locale': 'ar_IQ', 'property': 'DESCRIPTION', 'value': 'المختبر'}, {'locale': 'cs', 'property': 'NAME', 'value': 'IDS – meningitida (v procesu)'}, {'locale': 'fr', 'property': 'SHORT_NAME', 'value': 'Méningite (En cours)'}, {'locale': 'ar_SD', 'property': 'DESCRIPTION', 'value': 'المختبر'}, {'locale': 'pt_BR', 'property': 'DESCRIPTION', 'value': 'Laboratório'}, {'locale': 'ar', 'property': 'DESCRIPTION', 'value': 'المختبر'}, {'locale': 'es_US', 'property': 'DESCRIPTION', 'value': 'Laboratorio'}, {'locale': 'cs', 'property': 'FORM_NAME', 'value': 'Meningitida - CSF s laboratorním testem v průběhu týdne'}]",INTEGER_ZERO_OR_POSITIVE,True,Laboratory,
38,[],SUM,[],{'id': 'bjDvmb4bfuf'},IDS_041,AGGREGATE,Meningitis - NmA confirmed cases for the epi week of the suspected case,I0hSJHycgzT,[],IDS - Meningitis (NmA),"{'external': False, 'owner': 'vUeLeQMSwhN', 'public': 'r-------', 'userGroups': {}, 'users': {}}",Meningitis (NmA),"[{'locale': 'cs', 'property': 'SHORT_NAME', 'value': 'meningitida (NmA)'}, {'locale': 'fr', 'property': 'NAME', 'value': 'SIMR - Méningite (NmA)'}, {'locale': 'fr', 'property': 'DESCRIPTION', 'value': 'Laboratoire'}, {'locale': 'es', 'property': 'DESCRIPTION', 'value': 'Laboratorio'}, {'locale': 'cs', 'property': 'DESCRIPTION', 'value': 'Laboratoř'}, {'locale': 'cs', 'property': 'NAME', 'value': 'IDS – meningitida (NmA)'}, {'locale': 'ar_EG', 'property': 'DESCRIPTION', 'value': 'المختبر'}, {'locale': 'fr', 'property': 'FORM_NAME', 'value': 'Méningite - Cas confirmés NmA parmi les cas confirmés de la semaine épidémiologique '}, {'locale': 'pt', 'property': 'DESCRIPTION', 'value': 'Laboratório'}, {'locale': 'ar_IQ', 'property': 'DESCRIPTION', 'value': 'المختبر'}, {'locale': 'ar_SD', 'property': 'DESCRIPTION', 'value': 'المختبر'}, {'locale': 'pt_BR', 'property': 'DESCRIPTION', 'value': 'Laboratório'}, {'locale': 'ar', 'property': 'DESCRIPTION', 'value': 'المختبر'}, {'locale': 'cs', 'property': 'FORM_NAME', 'value': 'Meningitida – potvrzené případy NmA v epi týdnu podezřelého případu'}, {'locale': 'es_US', 'property': 'DESCRIPTION', 'value': 'Laboratorio'}, {'locale': 'fr', 'property': 'SHORT_NAME', 'value': 'Méningite (NmA)'}]",INTEGER_ZERO_OR_POSITIVE,True,Laboratory,
39,[],SUM,[],{'id': 'bjDvmb4bfuf'},IDS_043,AGGREGATE,Meningitis - NmC confirmed cases for the epi week of the suspected case,McxtlIwrSYl,[],IDS - Meningitis (NmC),"{'external': False, 'owner': 'vUeLeQMSwhN', 'public': 'r-------', 'userGroups': {}, 'users': {}}",Meningitis (NmC),"[{'locale': 'cs', 'property': 'SHORT_NAME', 'value': 'meningitida (NmC)'}, {'locale': 'cs', 'property': 'FORM_NAME', 'value': 'Meningitida – potvrzené případy NmC v týdnu epi podezřelého případu'}, {'locale': 'fr', 'property': 'FORM_NAME', 'value': 'Méningite - Cas confirmé de NmC parmi les cas confirmé de la semaine épidémiologique '}, {'locale': 'fr', 'property': 'DESCRIPTION', 'value': 'Laboratoire'}, {'locale': 'es', 'property': 'DESCRIPTION', 'value': 'Laboratorio'}, {'locale': 'cs', 'property': 'NAME', 'value': 'IDS – meningitida (NmC)'}, {'locale': 'cs', 'property': 'DESCRIPTION', 'value': 'Laboratoř'}, {'locale': 'ar_EG', 'property': 'DESCRIPTION', 'value': 'المختبر'}, {'locale': 'pt', 'property': 'DESCRIPTION', 'value': 'Laboratório'}, {'locale': 'ar_IQ', 'property': 'DESCRIPTION', 'value': 'المختبر'}, {'locale': 'ar_SD', 'property': 'DESCRIPTION', 'value': 'المختبر'}, {'locale': 'pt_BR', 'property': 'DESCRIPTION', 'value': 'Laboratório'}, {'locale': 'fr', 'property': 'SHORT_NAME', 'value': 'Méningite (NmC)'}, {'locale': 'fr', 'property': 'NAME', 'value': 'SIMR - Méningite (NmC)'}, {'locale': 'ar', 'property': 'DESCRIPTION', 'value': 'المختبر'}, {'locale': 'es_US', 'property': 'DESCRIPTION', 'value': 'Laboratorio'}]",INTEGER_ZERO_OR_POSITIVE,True,Laboratory,
40,[],SUM,[],{'id': 'bjDvmb4bfuf'},IDS_040,AGGREGATE,Meningitis - Nm W confirmed cases for the epi week of the suspected case,D5nYQAs4YYN,[],IDS - Meningitis (Nm W),"{'external': False, 'owner': 'vUeLeQMSwhN', 'public': 'r-------', 'userGroups': {}, 'users': {}}",Meningitis (Nm W),"[{'locale': 'cs', 'property': 'FORM_NAME', 'value': 'Meningitida – potvrzené případy Nm W v epi týdnu podezřelého případu'}, {'locale': 'fr', 'property': 'DESCRIPTION', 'value': 'Laboratoire'}, {'locale': 'es', 'property': 'DESCRIPTION', 'value': 'Laboratorio'}, {'locale': 'cs', 'property': 'SHORT_NAME', 'value': 'Meningitida (Nm W)'}, {'locale': 'cs', 'property': 'DESCRIPTION', 'value': 'Laboratoř'}, {'locale': 'ar_EG', 'property': 'DESCRIPTION', 'value': 'المختبر'}, {'locale': 'pt', 'property': 'DESCRIPTION', 'value': 'Laboratório'}, {'locale': 'fr', 'property': 'NAME', 'value': 'SIMR - Méningite (Nm W)'}, {'locale': 'ar_IQ', 'property': 'DESCRIPTION', 'value': 'المختبر'}, {'locale': 'fr', 'property': 'FORM_NAME', 'value': 'Méningite - Cas confirmés Nm W parmi les cas confirmés de la semaine épidémiologique '}, {'locale': 'cs', 'property': 'NAME', 'value': 'IDS – meningitida (Nm W)'}, {'locale': 'fr', 'property': 'SHORT_NAME', 'value': 'Méningite (Nm W)'}, {'locale': 'ar_SD', 'property': 'DESCRIPTION', 'value': 'المختبر'}, {'locale': 'pt_BR', 'property': 'DESCRIPTION', 'value': 'Laboratório'}, {'locale': 'ar', 'property': 'DESCRIPTION', 'value': 'المختبر'}, {'locale': 'es_US', 'property': 'DESCRIPTION', 'value': 'Laboratorio'}]",INTEGER_ZERO_OR_POSITIVE,True,Laboratory,
41,[],SUM,[],{'id': 'bjDvmb4bfuf'},IDS_044,AGGREGATE,Meningitis - NmX confirmed cases for the epi week of the suspected case,ZcuZSS8QHOg,[],IDS - Meningitis (NmX),"{'external': False, 'owner': 'vUeLeQMSwhN', 'public': 'r-------', 'userGroups': {}, 'users': {}}",Meningitis (NmX),"[{'locale': 'fr', 'property': 'DESCRIPTION', 'value': 'Laboratoire'}, {'locale': 'es', 'property': 'DESCRIPTION', 'value': 'Laboratorio'}, {'locale': 'cs', 'property': 'DESCRIPTION', 'value': 'Laboratoř'}, {'locale': 'ar_EG', 'property': 'DESCRIPTION', 'value': 'المختبر'}, {'locale': 'fr', 'property': 'NAME', 'value': 'Méningite (NmX)'}, {'locale': 'cs', 'property': 'FORM_NAME', 'value': 'Meningitida – NmX potvrzené případy v epi týdnu podezřelého případu'}, {'locale': 'pt', 'property': 'DESCRIPTION', 'value': 'Laboratório'}, {'locale': 'cs', 'property': 'NAME', 'value': 'IDS – meningitida (NmX)'}, {'locale': 'ar_IQ', 'property': 'DESCRIPTION', 'value': 'المختبر'}, {'locale': 'cs', 'property': 'SHORT_NAME', 'value': 'meningitida (NmX)'}, {'locale': 'fr', 'property': 'SHORT_NAME', 'value': 'Méningite (NmX)'}, {'locale': 'fr', 'property': 'FORM_NAME', 'value': 'Méningite - Cas confirmé de NmX parmi les cas confirmé de la semaine épidémiologique '}, {'locale': 'ar_SD', 'property': 'DESCRIPTION', 'value': 'المختبر'}, {'locale': 'pt_BR', 'property': 'DESCRIPTION', 'value': 'Laboratório'}, {'locale': 'ar', 'property': 'DESCRIPTION', 'value': 'المختبر'}, {'locale': 'es_US', 'property': 'DESCRIPTION', 'value': 'Laboratorio'}]",INTEGER_ZERO_OR_POSITIVE,True,Laboratory,
42,[],SUM,[],{'id': 'bjDvmb4bfuf'},IDS_045,AGGREGATE,Meningitis - NmY confirmed cases for the epi week of the suspected case,paABbIxQ6fI,[],IDS - Meningitis (NmY),"{'external': False, 'owner': 'vUeLeQMSwhN', 'public': 'r-------', 'userGroups': {}, 'users': {}}",Meningitis (NmY),"[{'locale': 'fr', 'property': 'DESCRIPTION', 'value': 'Laboratoire'}, {'locale': 'es', 'property': 'DESCRIPTION', 'value': 'Laboratorio'}, {'locale': 'fr', 'property': 'FORM_NAME', 'value': 'Méningite - Cas confirmés NmY parmi les cas suspects pendant la semaine épidémiologique '}, {'locale': 'cs', 'property': 'DESCRIPTION', 'value': 'Laboratoř'}, {'locale': 'ar_EG', 'property': 'DESCRIPTION', 'value': 'المختبر'}, {'locale': 'fr', 'property': 'NAME', 'value': 'Méningite (NmY)'}, {'locale': 'pt', 'property': 'DESCRIPTION', 'value': 'Laboratório'}, {'locale': 'ar_IQ', 'property': 'DESCRIPTION', 'value': 'المختبر'}, {'locale': 'fr', 'property': 'SHORT_NAME', 'value': 'Méningite (NmY)'}, {'locale': 'ar_SD', 'property': 'DESCRIPTION', 'value': 'المختبر'}, {'locale': 'pt_BR', 'property': 'DESCRIPTION', 'value': 'Laboratório'}, {'locale': 'ar', 'property': 'DESCRIPTION', 'value': 'المختبر'}, {'locale': 'es_US', 'property': 'DESCRIPTION', 'value': 'Laboratorio'}]",INTEGER_ZERO_OR_POSITIVE,True,Laboratory,
43,[],SUM,[],{'id': 'bjDvmb4bfuf'},IDS_046,AGGREGATE,Meningitis - CSF received at NRL during the week,LNOSbgZiqaJ,[],IDS - Meningitis (Number CSF),"{'external': False, 'owner': 'vUeLeQMSwhN', 'public': 'r-------', 'userGroups': {}, 'users': {}}",Meningitis (Number CSF),"[{'locale': 'cs', 'property': 'SHORT_NAME', 'value': 'Meningitida (číslo CSF)'}, {'locale': 'cs', 'property': 'FORM_NAME', 'value': 'Meningitida - CSF přijata v NRL během týdne'}, {'locale': 'fr', 'property': 'DESCRIPTION', 'value': 'Laboratoire'}, {'locale': 'es', 'property': 'DESCRIPTION', 'value': 'Laboratorio'}, {'locale': 'fr', 'property': 'SHORT_NAME', 'value': 'Méningite (Nombre de LCR)'}, {'locale': 'fr', 'property': 'FORM_NAME', 'value': 'Méningite - LCR reçu au LNR pendant la semaine'}, {'locale': 'cs', 'property': 'DESCRIPTION', 'value': 'Laboratoř'}, {'locale': 'ar_EG', 'property': 'DESCRIPTION', 'value': 'المختبر'}, {'locale': 'fr', 'property': 'NAME', 'value': 'SIMR - Méningite (nombre de LCR)'}, {'locale': 'pt', 'property': 'DESCRIPTION', 'value': 'Laboratório'}, {'locale': 'ar_IQ', 'property': 'DESCRIPTION', 'value': 'المختبر'}, {'locale': 'ar_SD', 'property': 'DESCRIPTION', 'value': 'المختبر'}, {'locale': 'pt_BR', 'property': 'DESCRIPTION', 'value': 'Laboratório'}, {'locale': 'ar', 'property': 'DESCRIPTION', 'value': 'المختبر'}, {'locale': 'es_US', 'property': 'DESCRIPTION', 'value': 'Laboratorio'}, {'locale': 'cs', 'property': 'NAME', 'value': 'IDS – meningitida (číslo CSF)'}]",INTEGER_ZERO_OR_POSITIVE,True,Laboratory,
44,[],SUM,[],{'id': 'bjDvmb4bfuf'},IDS_048,AGGREGATE,Meningitis - Other pathogen confirmed cases for the epi week of the suspected case,J0s9X6GHsOi,[],IDS - Meningitis (Other Pathogen),"{'external': False, 'owner': 'vUeLeQMSwhN', 'public': 'r-------', 'userGroups': {}, 'users': {}}",Meningitis (Other Pathogen),"[{'locale': 'cs', 'property': 'SHORT_NAME', 'value': 'Meningitida (jiný patogen)'}, {'locale': 'cs', 'property': 'NAME', 'value': 'IDS – meningitida (jiný patogen)'}, {'locale': 'fr', 'property': 'DESCRIPTION', 'value': 'Laboratoire'}, {'locale': 'cs', 'property': 'FORM_NAME', 'value': 'Meningitida – potvrzené případy jiného patogenu pro epi týden podezřelého případu'}, {'locale': 'es', 'property': 'DESCRIPTION', 'value': 'Laboratorio'}, {'locale': 'fr', 'property': 'SHORT_NAME', 'value': 'Méningite (Autres pathogènes)'}, {'locale': 'cs', 'property': 'DESCRIPTION', 'value': 'Laboratoř'}, {'locale': 'ar_EG', 'property': 'DESCRIPTION', 'value': 'المختبر'}, {'locale': 'fr', 'property': 'NAME', 'value': 'SIMR - Méningite (autre agent pathogène)'}, {'locale': 'pt', 'property': 'DESCRIPTION', 'value': 'Laboratório'}, {'locale': 'ar_IQ', 'property': 'DESCRIPTION', 'value': 'المختبر'}, {'locale': 'ar_SD', 'property': 'DESCRIPTION', 'value': 'المختبر'}, {'locale': 'pt_BR', 'property': 'DESCRIPTION', 'value': 'Laboratório'}, {'locale': 'fr', 'property': 'FORM_NAME', 'value': 'Méningite - Autres cas pathogènes confirmés parmi les cas suspects de la semaine épidémiologique '}, {'locale': 'ar', 'property': 'DESCRIPTION', 'value': 'المختبر'}, {'locale': 'es_US', 'property': 'DESCRIPTION', 'value': 'Laboratorio'}]",INTEGER_ZERO_OR_POSITIVE,True,Laboratory,
45,[],SUM,[],{'id': 'bjDvmb4bfuf'},,AGGREGATE,,U9azl7BliKu,[],IDS - Meningitis outbreak,"{'external': False, 'owner': 'vUeLeQMSwhN', 'public': 'r-------', 'userGroups': {}, 'users': {}}",Meningitis outbreak,"[{'locale': 'fr', 'property': 'NAME', 'value': 'SIMR - Epidémie de Méningite'}, {'locale': 'fr', 'property': 'SHORT_NAME', 'value': 'Epidémie de Méningite'}, {'locale': 'cs', 'property': 'NAME', 'value': 'IDS - Propuknutí meningitidy'}, {'locale': 'cs', 'property': 'SHORT_NAME', 'value': 'Meningitida propuknutí'}]",INTEGER_ZERO_OR_POSITIVE,True,,
46,[],SUM,[],{'id': 'bjDvmb4bfuf'},IDS_049,AGGREGATE,Meningitis - S.pneum confirmed cases for the epi week of the suspected case,m2afIjMnymV,[],IDS - Meningitis (S. pneumoniae),"{'external': False, 'owner': 'vUeLeQMSwhN', 'public': 'r-------', 'userGroups': {}, 'users': {}}",Meningitis (S. pneumoniae),"[{'locale': 'fr', 'property': 'SHORT_NAME', 'value': 'Méningite (S. pneumoniae)'}, {'locale': 'fr', 'property': 'DESCRIPTION', 'value': 'Laboratoire'}, {'locale': 'es', 'property': 'DESCRIPTION', 'value': 'Laboratorio'}, {'locale': 'fr', 'property': 'NAME', 'value': 'SIMR -Méningite (S. pneumoniae)'}, {'locale': 'fr', 'property': 'FORM_NAME', 'value': 'Méningite - Cas confirmés de S.pneum parmi les cas suspect pendant la semaine épidémiologique '}, {'locale': 'cs', 'property': 'DESCRIPTION', 'value': 'Laboratoř'}, {'locale': 'ar_EG', 'property': 'DESCRIPTION', 'value': 'المختبر'}, {'locale': 'pt', 'property': 'DESCRIPTION', 'value': 'Laboratório'}, {'locale': 'ar_IQ', 'property': 'DESCRIPTION', 'value': 'المختبر'}, {'locale': 'ar_SD', 'property': 'DESCRIPTION', 'value': 'المختبر'}, {'locale': 'pt_BR', 'property': 'DESCRIPTION', 'value': 'Laboratório'}, {'locale': 'ar', 'property': 'DESCRIPTION', 'value': 'المختبر'}, {'locale': 'es_US', 'property': 'DESCRIPTION', 'value': 'Laboratorio'}]",INTEGER_ZERO_OR_POSITIVE,True,Laboratory,
47,[],SUM,[],{'id': 'bjDvmb4bfuf'},IDS_050,AGGREGATE,Meningitis suspected cases reported during the week,KUuKOtxzBJ1,[],IDS - Meningitis (Suspected cases),"{'external': False, 'owner': 'vUeLeQMSwhN', 'public': 'r-------', 'userGroups': {}, 'users': {}}",Meningitis (Suspected cases),"[{'locale': 'fr', 'property': 'DESCRIPTION', 'value': 'Surveillance'}, {'locale': 'cs', 'property': 'SHORT_NAME', 'value': 'Meningitida (podezřelé případy)'}, {'locale': 'fr', 'property': 'FORM_NAME', 'value': 'Méningite Nombre de cas suspects signalés pendant la semaine'}, {'locale': 'fr', 'property': 'SHORT_NAME', 'value': 'Méningite (Cas suspects)'}, {'locale': 'cs', 'property': 'NAME', 'value': 'IDS – meningitida (podezření na případy)'}, {'locale': 'cs', 'property': 'FORM_NAME', 'value': 'Během týdne hlášeny případy podezření na meningitidu'}, {'locale': 'cs', 'property': 'DESCRIPTION', 'value': 'Dohled'}, {'locale': 'fr', 'property': 'NAME', 'value': 'SIMR - Méningite (cas suspectés)'}]",INTEGER_ZERO_OR_POSITIVE,True,Surveillance,
48,[],SUM,[],{'id': 'bjDvmb4bfuf'},,AGGREGATE,Neonatal tetanus alert,RGXZgVrOQyo,[],IDS - Neonatal tetanus alert,"{'external': False, 'owner': 'vUeLeQMSwhN', 'public': 'r-------', 'userGroups': {}, 'users': {}}",Neonatal tetanus alert,"[{'locale': 'cs', 'property': 'SHORT_NAME', 'value': 'Novorozenecký tetanus výstraha'}, {'locale': 'fr', 'property': 'SHORT_NAME', 'value': 'Alerte tétanos néonatal'}, {'locale': 'fr', 'property': 'FORM_NAME', 'value': 'Alerte tétanos néonatal'}, {'locale': 'cs', 'property': 'FORM_NAME', 'value': 'Novorozenecký tetanus výstraha'}, {'locale': 'cs', 'property': 'NAME', 'value': 'IDS - výstraha na novorozenecký tetanus'}, {'locale': 'fr', 'property': 'NAME', 'value': 'SIMR - Alerte tétanos néonatal'}]",INTEGER_POSITIVE,True,,
49,[],SUM,[],{'id': 'bjDvmb4bfuf'},IDS_051,AGGREGATE,Neonatal tetanus deaths among suspected cases during the week,qAM23M0qOId,[],IDS - Neonatal Tetanus (Deaths),"{'external': False, 'owner': 'vUeLeQMSwhN', 'public': 'r-------', 'userGroups': {}, 'users': {}}",Neonatal Tetanus (Deaths),"[{'locale': 'fr', 'property': 'DESCRIPTION', 'value': 'Surveillance'}, {'locale': 'fr', 'property': 'NAME', 'value': 'Tétanos néonatal (décès)'}, {'locale': 'fr', 'property': 'SHORT_NAME', 'value': 'Tétanos Néonatal (Décès)'}, {'locale': 'fr', 'property': 'FORM_NAME', 'value': 'Décès Tétanos néonatal parmi les cas suspects pendant la semaine '}, {'locale': 'cs', 'property': 'DESCRIPTION', 'value': 'Dohled'}]",INTEGER_ZERO_OR_POSITIVE,True,Surveillance,
50,[],SUM,[],{'id': 'bjDvmb4bfuf'},IDS_052,AGGREGATE,Neonatal tetanus suspected cases during the week,lTiuuQij9HP,[],IDS - Neonatal Tetanus (Suspected cases),"{'external': False, 'owner': 'vUeLeQMSwhN', 'public': 'r-------', 'userGroups': {}, 'users': {}}",Neonatal Tetanus (Suspected cases),"[{'locale': 'fr', 'property': 'DESCRIPTION', 'value': 'Surveillance'}, {'locale': 'fr', 'property': 'FORM_NAME', 'value': 'Tetanos neonatal - cas suspects'}, {'locale': 'fr', 'property': 'SHORT_NAME', 'value': 'Tétanos Néonatal (Cas suspect)'}, {'locale': 'fr', 'property': 'NAME', 'value': 'SIMR - Tétanos Néonatal (Cas suspects)'}, {'locale': 'cs', 'property': 'DESCRIPTION', 'value': 'Dohled'}]",INTEGER_ZERO_OR_POSITIVE,True,Surveillance,
51,[],SUM,[],{'id': 'bjDvmb4bfuf'},,AGGREGATE,Non neonatal tetanus alert,f45l3xKDAPs,[],IDS - Non neonatal tetanus alert,"{'external': False, 'owner': 'vUeLeQMSwhN', 'public': 'r-------', 'userGroups': {}, 'users': {}}",Non neonatal tetanus alert,"[{'locale': 'fr', 'property': 'SHORT_NAME', 'value': 'Alerte tétanos non néonatal'}, {'locale': 'cs', 'property': 'FORM_NAME', 'value': 'Ne-novorozenecký tetanus výstraha'}, {'locale': 'cs', 'property': 'SHORT_NAME', 'value': 'Ne-novorozenecký tetanus výstraha'}, {'locale': 'fr', 'property': 'NAME', 'value': 'SIMR - Alerte tétanos non néonatal'}, {'locale': 'fr', 'property': 'FORM_NAME', 'value': 'Alerte tétanos non néonatal'}]",INTEGER_POSITIVE,True,,
52,[],SUM,[],{'id': 'bjDvmb4bfuf'},IDS_053,AGGREGATE,Non Neonatal tetanus deaths among suspected cases during the week,dKzr3MsO9kG,[],IDS - Non Neonatal tetanus (Deaths),"{'external': False, 'owner': 'vUeLeQMSwhN', 'public': 'r-------', 'userGroups': {}, 'users': {}}",Non Neonatal tetanus (Deaths),"[{'locale': 'fr', 'property': 'DESCRIPTION', 'value': 'Surveillance'}, {'locale': 'fr', 'property': 'NAME', 'value': 'Tétanos non néonatal (décès)'}, {'locale': 'fr', 'property': 'FORM_NAME', 'value': 'Décès Tétanos non néonatal parmi les cas suspects pendant la semaine '}, {'locale': 'cs', 'property': 'NAME', 'value': 'IDS – Ne-novorozenecký tetanus (úmrtí)'}, {'locale': 'cs', 'property': 'FORM_NAME', 'value': 'Ne-novorozenecký tetanus úmrtí mezi podezřelými případy během týdne'}, {'locale': 'cs', 'property': 'DESCRIPTION', 'value': 'Dohled'}, {'locale': 'fr', 'property': 'SHORT_NAME', 'value': 'Tétanos non néonatal (Décès)'}, {'locale': 'cs', 'property': 'SHORT_NAME', 'value': 'Ne-novorozenecký tetanus (úmrtí)'}]",INTEGER_ZERO_OR_POSITIVE,True,Surveillance,
53,[],SUM,[],{'id': 'bjDvmb4bfuf'},IDS_054,AGGREGATE,Non Neonatal tetanus new suspected cases reported during the epi week,PIeQekpD664,[],IDS - Non Neonatal tetanus (Suspected cases),"{'external': False, 'owner': 'vUeLeQMSwhN', 'public': 'r-------', 'userGroups': {}, 'users': {}}",Non Neonatal tetanus (Suspected cases),"[{'locale': 'fr', 'property': 'DESCRIPTION', 'value': 'Surveillance'}, {'locale': 'cs', 'property': 'NAME', 'value': 'IDS – Novorozenecký tetanus (podezření na případy)'}, {'locale': 'fr', 'property': 'FORM_NAME', 'value': 'Nouveaux cas de tétanos non néonatal rapporté pendant la semaine épidémiologique'}, {'locale': 'fr', 'property': 'SHORT_NAME', 'value': 'Tétanos Non néonatal (Cas suspects)'}, {'locale': 'cs', 'property': 'FORM_NAME', 'value': 'Nové podezřelé případy novorozeneckého tetanu hlášeny během epi týdne'}, {'locale': 'fr', 'property': 'NAME', 'value': 'SIMR - Tétanos non néonatal (cas suspect)'}, {'locale': 'cs', 'property': 'SHORT_NAME', 'value': 'Novorozenecký tetanus (podezření na případy)'}, {'locale': 'cs', 'property': 'DESCRIPTION', 'value': 'Dohled'}]",INTEGER_ZERO_OR_POSITIVE,True,Surveillance,
54,[],SUM,[],{'id': 'bjDvmb4bfuf'},,AGGREGATE,,v2FeCwrKNt5,[],IDS One death from severe AWD in a person > 5 years old,"{'external': False, 'owner': 'vUeLeQMSwhN', 'public': 'r-------', 'userGroups': {}, 'users': {}}",One death from severe AWD in a person 5 y+,"[{'locale': 'fr', 'property': 'NAME', 'value': 'SIMR Décès de DLA sévère chez une personne > 5 ans'}, {'locale': 'fr', 'property': 'SHORT_NAME', 'value': 'Décès de DLA sévère chez une personne de 5+ ans'}]",INTEGER_ZERO_OR_POSITIVE,False,,{'id': 'TdDqpX1kdd2'}
55,[],SUM,[],{'id': 'bjDvmb4bfuf'},,AGGREGATE,Pertussis alert,I5V4NUxtTre,[],IDS - Pertussis alert,"{'external': False, 'owner': 'vUeLeQMSwhN', 'public': 'r-------', 'userGroups': {}, 'users': {}}",Pertussis alert,"[{'locale': 'cs', 'property': 'SHORT_NAME', 'value': 'Černý kašel výstraha'}, {'locale': 'fr', 'property': 'FORM_NAME', 'value': 'Alerte coqueluche'}, {'locale': 'cs', 'property': 'NAME', 'value': 'IDS – černý kašel výstraha'}, {'locale': 'cs', 'property': 'FORM_NAME', 'value': 'Černý kašel výstraha'}, {'locale': 'fr', 'property': 'SHORT_NAME', 'value': 'Alerte Coqueluche '}, {'locale': 'fr', 'property': 'NAME', 'value': 'SIMR - Alerte Coqueluche '}]",INTEGER_POSITIVE,True,,
56,[],SUM,[],{'id': 'bjDvmb4bfuf'},IDS_055,AGGREGATE,Pertussis confirmed cases during the week,RAQCr5DpCzC,[],IDS - Pertussis (Confirmed cases),"{'external': False, 'owner': 'vUeLeQMSwhN', 'public': 'r-------', 'userGroups': {}, 'users': {}}",Pertussis (Confirmed cases),"[{'locale': 'cs', 'property': 'NAME', 'value': 'IDS – černý kašel (potvrzené případy)'}, {'locale': 'fr', 'property': 'DESCRIPTION', 'value': 'Laboratoire'}, {'locale': 'es', 'property': 'DESCRIPTION', 'value': 'Laboratorio'}, {'locale': 'cs', 'property': 'DESCRIPTION', 'value': 'Laboratoř'}, {'locale': 'fr', 'property': 'SHORT_NAME', 'value': 'Coqueluche (cas confirmé)'}, {'locale': 'ar_EG', 'property': 'DESCRIPTION', 'value': 'المختبر'}, {'locale': 'pt', 'property': 'DESCRIPTION', 'value': 'Laboratório'}, {'locale': 'cs', 'property': 'FORM_NAME', 'value': 'Černý kašel potvrzené případy během týdne'}, {'locale': 'ar_IQ', 'property': 'DESCRIPTION', 'value': 'المختبر'}, {'locale': 'fr', 'property': 'FORM_NAME', 'value': 'Cas de Coqueluche confirmé pendant la semaine'}, {'locale': 'fr', 'property': 'NAME', 'value': 'SIMR - Coqueluche (cas confirmé)'}, {'locale': 'ar_SD', 'property': 'DESCRIPTION', 'value': 'المختبر'}, {'locale': 'pt_BR', 'property': 'DESCRIPTION', 'value': 'Laboratório'}, {'locale': 'ar', 'property': 'DESCRIPTION', 'value': 'المختبر'}, {'locale': 'es_US', 'property': 'DESCRIPTION', 'value': 'Laboratorio'}, {'locale': 'cs', 'property': 'SHORT_NAME', 'value': 'Černý kašel (potvrzené případy)'}]",INTEGER_ZERO_OR_POSITIVE,True,Laboratory,
57,[],SUM,[],{'id': 'eg8enaFY861'},IDS_056,AGGREGATE,Pertussis deaths among suspected cases during the week,bHSkKIwVBay,[],IDS - Pertussis (Deaths),"{'external': False, 'owner': 'vUeLeQMSwhN', 'public': 'r-------', 'userGroups': {}, 'users': {}}",Pertussis (Deaths),"[{'locale': 'fr', 'property': 'DESCRIPTION', 'value': 'Surveillance'}, {'locale': 'fr', 'property': 'FORM_NAME', 'value': 'Décès Coqueluches parmi les cas suspects de la semaine '}, {'locale': 'cs', 'property': 'SHORT_NAME', 'value': 'Černý kašel (úmrtí)'}, {'locale': 'cs', 'property': 'NAME', 'value': 'IDS – černý kašel (úmrtí)'}, {'locale': 'cs', 'property': 'FORM_NAME', 'value': 'Černý kašel úmrtí mezi podezřelými případy během týdne'}, {'locale': 'cs', 'property': 'DESCRIPTION', 'value': 'Dohled'}, {'locale': 'fr', 'property': 'SHORT_NAME', 'value': 'Coqueluche (Décès)'}, {'locale': 'fr', 'property': 'NAME', 'value': 'Coqueluche (Décès)'}]",INTEGER_ZERO_OR_POSITIVE,True,Surveillance,
58,[],SUM,[],{'id': 'bjDvmb4bfuf'},IDS_058,AGGREGATE,Plague confirmed cases during the week,iuh5hm4RVBR,[],IDS - Plague (Confirmed cases),"{'external': False, 'owner': 'vUeLeQMSwhN', 'public': 'r-------', 'userGroups': {}, 'users': {}}",Plague (Confirmed cases),"[{'locale': 'fr', 'property': 'FORM_NAME', 'value': 'Cas de Peste confirmée pendant la semaine'}, {'locale': 'fr', 'property': 'DESCRIPTION', 'value': 'Laboratoire'}, {'locale': 'es', 'property': 'DESCRIPTION', 'value': 'Laboratorio'}, {'locale': 'cs', 'property': 'DESCRIPTION', 'value': 'Laboratoř'}, {'locale': 'ar_EG', 'property': 'DESCRIPTION', 'value': 'المختبر'}, {'locale': 'fr', 'property': 'SHORT_NAME', 'value': 'Peste (Cas confirmés)'}, {'locale': 'pt', 'property': 'DESCRIPTION', 'value': 'Laboratório'}, {'locale': 'ar_IQ', 'property': 'DESCRIPTION', 'value': 'المختبر'}, {'locale': 'ar_SD', 'property': 'DESCRIPTION', 'value': 'المختبر'}, {'locale': 'pt_BR', 'property': 'DESCRIPTION', 'value': 'Laboratório'}, {'locale': 'ar', 'property': 'DESCRIPTION', 'value': 'المختبر'}, {'locale': 'es_US', 'property': 'DESCRIPTION', 'value': 'Laboratorio'}, {'locale': 'fr', 'property': 'NAME', 'value': 'Peste (cas confirmé)'}]",INTEGER_ZERO_OR_POSITIVE,True,Laboratory,
59,[],SUM,[],{'id': 'eg8enaFY861'},IDS_059,AGGREGATE,Plague deaths among suspected cases during the week,qqqAULiKFu2,[],IDS - Plague (Deaths),"{'external': False, 'owner': 'vUeLeQMSwhN', 'public': 'r-------', 'userGroups': {}, 'users': {}}",Plague (Deaths),"[{'locale': 'fr', 'property': 'DESCRIPTION', 'value': 'Surveillance'}, {'locale': 'fr', 'property': 'SHORT_NAME', 'value': 'Peste (Décès)'}, {'locale': 'fr', 'property': 'NAME', 'value': 'SIMR -Peste (Décès)'}, {'locale': 'fr', 'property': 'FORM_NAME', 'value': 'Décès Peste parmi les cas suspects pendant la semaine'}, {'locale': 'cs', 'property': 'DESCRIPTION', 'value': 'Dohled'}]",INTEGER_ZERO_OR_POSITIVE,True,Surveillance,
60,[],SUM,[],{'id': 'eg8enaFY861'},IDS_060,AGGREGATE,Plague new suspected cases reported during the epi week,rl1SLaRmaZ4,[],IDS - Plague (Suspected cases),"{'external': False, 'owner': 'vUeLeQMSwhN', 'public': 'r-------', 'userGroups': {}, 'users': {}}",Plague (Suspected cases),"[{'locale': 'fr', 'property': 'DESCRIPTION', 'value': 'Surveillance'}, {'locale': 'fr', 'property': 'NAME', 'value': 'SIMR - Peste (cas suspect)'}, {'locale': 'fr', 'property': 'FORM_NAME', 'value': 'Nouveaux cas suspects de Peste rapportés pendant la semaine épidémiologique'}, {'locale': 'fr', 'property': 'SHORT_NAME', 'value': 'Peste (Cas suspects)'}, {'locale': 'cs', 'property': 'DESCRIPTION', 'value': 'Dohled'}]",INTEGER_ZERO_OR_POSITIVE,True,Surveillance,
61,[],SUM,[],{'id': 'bjDvmb4bfuf'},,AGGREGATE,Rabies alert,f3MTBlkGjZw,[],IDS - Rabies alert,"{'external': False, 'owner': 'vUeLeQMSwhN', 'public': 'r-------', 'userGroups': {}, 'users': {}}",Rabies alert,"[{'locale': 'fr', 'property': 'NAME', 'value': 'SIMR - Alerte rage'}, {'locale': 'cs', 'property': 'FORM_NAME', 'value': 'Výstraha před vzteklinou'}, {'locale': 'fr', 'property': 'SHORT_NAME', 'value': 'Alerte rage'}, {'locale': 'fr', 'property': 'FORM_NAME', 'value': 'Alerte rage'}, {'locale': 'cs', 'property': 'NAME', 'value': 'IDS – Výstraha před vzteklinou'}, {'locale': 'cs', 'property': 'SHORT_NAME', 'value': 'Výstraha před vzteklinou'}]",INTEGER_POSITIVE,True,,
62,[],SUM,[],{'id': 'bjDvmb4bfuf'},IDS_061,AGGREGATE,Rabies confirmed cases during the week,MbAkHOTlcyp,[],IDS - Rabies  (Confirmed cases),"{'external': False, 'owner': 'vUeLeQMSwhN', 'public': 'r-------', 'userGroups': {}, 'users': {}}",Rabies  (Confirmed cases),"[{'locale': 'fr', 'property': 'SHORT_NAME', 'value': 'Rage (Cas confirmés)'}, {'locale': 'fr', 'property': 'DESCRIPTION', 'value': 'Laboratoire'}, {'locale': 'es', 'property': 'DESCRIPTION', 'value': 'Laboratorio'}, {'locale': 'cs', 'property': 'DESCRIPTION', 'value': 'Laboratoř'}, {'locale': 'ar_EG', 'property': 'DESCRIPTION', 'value': 'المختبر'}, {'locale': 'cs', 'property': 'FORM_NAME', 'value': 'Vzteklina potvrzené případy během týdne'}, {'locale': 'pt', 'property': 'DESCRIPTION', 'value': 'Laboratório'}, {'locale': 'fr', 'property': 'NAME', 'value': 'SIMR - Rage (Cas confirmés)'}, {'locale': 'ar_IQ', 'property': 'DESCRIPTION', 'value': 'المختبر'}, {'locale': 'cs', 'property': 'NAME', 'value': 'IDS – Vzteklina (potvrzené případy)'}, {'locale': 'ar_SD', 'property': 'DESCRIPTION', 'value': 'المختبر'}, {'locale': 'pt_BR', 'property': 'DESCRIPTION', 'value': 'Laboratório'}, {'locale': 'fr', 'property': 'FORM_NAME', 'value': 'Cas de rage pendant la semaine '}, {'locale': 'ar', 'property': 'DESCRIPTION', 'value': 'المختبر'}, {'locale': 'es_US', 'property': 'DESCRIPTION', 'value': 'Laboratorio'}, {'locale': 'cs', 'property': 'SHORT_NAME', 'value': 'Vzteklina (potvrzené případy)'}]",INTEGER_ZERO_OR_POSITIVE,True,Laboratory,
63,[],SUM,[],{'id': 'eg8enaFY861'},IDS_062,AGGREGATE,Rabies deaths among suspected cases during the week,n1iUA7kb0wj,[],IDS - Rabies  (Deaths),"{'external': False, 'owner': 'vUeLeQMSwhN', 'public': 'r-------', 'userGroups': {}, 'users': {}}",Rabies  (Deaths),"[{'locale': 'fr', 'property': 'DESCRIPTION', 'value': 'Surveillance'}, {'locale': 'fr', 'property': 'FORM_NAME', 'value': 'Décès Rage parmi les cas suspects pendant la semaine '}, {'locale': 'fr', 'property': 'SHORT_NAME', 'value': 'Rage (Décès)'}, {'locale': 'fr', 'property': 'NAME', 'value': 'SIMR - Rage (Décès)'}, {'locale': 'cs', 'property': 'DESCRIPTION', 'value': 'Dohled'}]",INTEGER_ZERO_OR_POSITIVE,True,Surveillance,
64,[],SUM,[],{'id': 'eg8enaFY861'},IDS_063,AGGREGATE,Rabies new suspected cases reported during the epi week,lo0rfBSWDbf,[],IDS - Rabies  (Suspected cases),"{'external': False, 'owner': 'vUeLeQMSwhN', 'public': 'r-------', 'userGroups': {}, 'users': {}}",Rabies  (Suspected cases),"[{'locale': 'fr', 'property': 'DESCRIPTION', 'value': 'Surveillance'}, {'locale': 'fr', 'property': 'NAME', 'value': 'SIMR - Rage (Cas suspect)'}, {'locale': 'fr', 'property': 'FORM_NAME', 'value': 'Nouveaux cas suspects de Rage rapporté pendant la semaine épidémiologique'}, {'locale': 'fr', 'property': 'SHORT_NAME', 'value': 'Rage (Cas suspects)'}, {'locale': 'cs', 'property': 'DESCRIPTION', 'value': 'Dohled'}]",INTEGER_ZERO_OR_POSITIVE,True,Surveillance,
65,[],SUM,[],{'id': 'bjDvmb4bfuf'},IDS_064,AGGREGATE,Rubella confirmed cases during the week,rVi7C4a14jp,[],IDS - Rubella (Confirmed cases),"{'external': False, 'owner': 'vUeLeQMSwhN', 'public': 'r-------', 'userGroups': {}, 'users': {}}",Rubella (Confirmed cases),"[{'locale': 'fr', 'property': 'DESCRIPTION', 'value': 'Laboratoire'}, {'locale': 'es', 'property': 'DESCRIPTION', 'value': 'Laboratorio'}, {'locale': 'fr', 'property': 'SHORT_NAME', 'value': 'Rubeole (Cas confirmés)'}, {'locale': 'cs', 'property': 'DESCRIPTION', 'value': 'Laboratoř'}, {'locale': 'ar_EG', 'property': 'DESCRIPTION', 'value': 'المختبر'}, {'locale': 'pt', 'property': 'DESCRIPTION', 'value': 'Laboratório'}, {'locale': 'ar_IQ', 'property': 'DESCRIPTION', 'value': 'المختبر'}, {'locale': 'fr', 'property': 'FORM_NAME', 'value': 'Cas confirmés de Rubéole pendant la semaine '}, {'locale': 'ar_SD', 'property': 'DESCRIPTION', 'value': 'المختبر'}, {'locale': 'pt_BR', 'property': 'DESCRIPTION', 'value': 'Laboratório'}, {'locale': 'fr', 'property': 'NAME', 'value': 'SIMR - Rubéole (cas confirmés)'}, {'locale': 'ar', 'property': 'DESCRIPTION', 'value': 'المختبر'}, {'locale': 'es_US', 'property': 'DESCRIPTION', 'value': 'Laboratorio'}]",INTEGER_ZERO_OR_POSITIVE,True,Laboratory,
66,[],SUM,[],{'id': 'bjDvmb4bfuf'},,AGGREGATE,,ZOVJGcrCdCH,[],IDS Two or more AWD aged 2 years and older (linked by time and place) with severe dehydration or dying,"{'external': False, 'owner': 'vUeLeQMSwhN', 'public': 'r-------', 'userGroups': {}, 'users': {}}",Two or + AWD 2 years + with severe dehyd or dying,"[{'locale': 'fr', 'property': 'NAME', 'value': 'SIMR deux DLA ou plus âgé de 2 ans ou plus (liées par le temps et le lieu) souffrant de déshydratation sévère ou mourant'}, {'locale': 'fr', 'property': 'SHORT_NAME', 'value': '2+ DLA âgé 2+ ans avec déshydr sévère/mourant'}, {'locale': 'cs', 'property': 'SHORT_NAME', 'value': 'Dva a více AWD 2 r. + s těžkou dehydr. / umíráním'}, {'locale': 'cs', 'property': 'NAME', 'value': 'IDS Dva nebo více OZP ve věku od 2 let (časově a místně propojených) s těžkou dehydratací nebo úmrtím'}]",INTEGER_ZERO_OR_POSITIVE,False,,{'id': 'TdDqpX1kdd2'}
67,[],SUM,[],{'id': 'bjDvmb4bfuf'},,AGGREGATE,Viral hemorrhagic fever alert,BSyp9DU4HWn,[],IDS - Viral hemorrhagic fever alert,"{'external': False, 'owner': 'vUeLeQMSwhN', 'public': 'r-------', 'userGroups': {}, 'users': {}}",Viral hemorrhagic fever alert,"[{'locale': 'cs', 'property': 'SHORT_NAME', 'value': 'Virová hemoragická horečka Výstraha'}, {'locale': 'fr', 'property': 'FORM_NAME', 'value': 'Alerte fièvre viral hémorragique'}, {'locale': 'cs', 'property': 'NAME', 'value': 'IDS - Upozornění na virovou hemoragickou horečku'}, {'locale': 'fr', 'property': 'NAME', 'value': 'SIMR - Alerte fièvre viral hémorragique'}, {'locale': 'cs', 'property': 'FORM_NAME', 'value': 'Virová hemoragická horečka Výstraha'}, {'locale': 'fr', 'property': 'SHORT_NAME', 'value': 'Alerte fièvre viral hémorragique'}]",INTEGER_POSITIVE,True,,
68,[],SUM,[],{'id': 'bjDvmb4bfuf'},IDS_065,AGGREGATE,Viral hemorrhagic fever confirmed cases during the week,ezlLC4UCA2g,[],IDS - Viral hemorrhagic fever (confirmed cases),"{'external': False, 'owner': 'vUeLeQMSwhN', 'public': 'r-------', 'userGroups': {}, 'users': {}}",Viral hemorrhagic fever (confirmed cases),"[{'locale': 'fr', 'property': 'NAME', 'value': 'SIMR - Fièvre virale hémorragique (Cas confirmés)'}, {'locale': 'cs', 'property': 'FORM_NAME', 'value': 'Virová hemoragická horečka potvrzené případy v průběhu týdne'}, {'locale': 'fr', 'property': 'DESCRIPTION', 'value': 'Laboratoire'}, {'locale': 'fr', 'property': 'FORM_NAME', 'value': 'Cas de fièvre viral hémorragique pendant la semaine '}, {'locale': 'es', 'property': 'DESCRIPTION', 'value': 'Laboratorio'}, {'locale': 'cs', 'property': 'SHORT_NAME', 'value': 'Virová hemoragická horečka (potvrzené případy)'}, {'locale': 'cs', 'property': 'DESCRIPTION', 'value': 'Laboratoř'}, {'locale': 'ar_EG', 'property': 'DESCRIPTION', 'value': 'المختبر'}, {'locale': 'pt', 'property': 'DESCRIPTION', 'value': 'Laboratório'}, {'locale': 'ar_IQ', 'property': 'DESCRIPTION', 'value': 'المختبر'}, {'locale': 'ar_SD', 'property': 'DESCRIPTION', 'value': 'المختبر'}, {'locale': 'pt_BR', 'property': 'DESCRIPTION', 'value': 'Laboratório'}, {'locale': 'ar', 'property': 'DESCRIPTION', 'value': 'المختبر'}, {'locale': 'es_US', 'property': 'DESCRIPTION', 'value': 'Laboratorio'}, {'locale': 'fr', 'property': 'SHORT_NAME', 'value': 'Fièvre virale hémorragique (Cas confirmés)'}]",INTEGER_ZERO_OR_POSITIVE,True,Laboratory,
69,[],SUM,[],{'id': 'eg8enaFY861'},IDS_066,AGGREGATE,Viral hemorrhagic fever deaths among suspected cases during the week,hi5J0vMBrbE,[],IDS - Viral hemorrhagic fever  (Deaths),"{'external': False, 'owner': 'vUeLeQMSwhN', 'public': 'r-------', 'userGroups': {}, 'users': {}}",Viral hemorrhagic fever (Deaths),"[{'locale': 'fr', 'property': 'DESCRIPTION', 'value': 'Surveillance'}, {'locale': 'fr', 'property': 'FORM_NAME', 'value': 'Décès Fièvre Virale Hémorragique parmi les cas suspects de la semaine '}, {'locale': 'cs', 'property': 'NAME', 'value': 'IDS - Virová hemoragická horečka (Úmrtí)'}, {'locale': 'fr', 'property': 'SHORT_NAME', 'value': 'Fièvre Virale Hémorragique (Décès)'}, {'locale': 'fr', 'property': 'NAME', 'value': 'SIMR - Fièvre Virale Hémorragique (Décès)'}, {'locale': 'cs', 'property': 'SHORT_NAME', 'value': 'Virová hemoragická horečka (úmrtí)'}, {'locale': 'cs', 'property': 'DESCRIPTION', 'value': 'Dohled'}, {'locale': 'cs', 'property': 'FORM_NAME', 'value': 'Virová hemoragická horečka úmrtí mezi podezřelými případy v průběhu týdne'}]",INTEGER_ZERO_OR_POSITIVE,True,Surveillance,
70,[],SUM,[],{'id': 'eg8enaFY861'},IDS_067,AGGREGATE,Viral hemorrhagic fever new suspected cases reported during the epi week,FMM88mSULsl,[],IDS - Viral hemorrhagic fever (Suspected cases),"{'external': False, 'owner': 'vUeLeQMSwhN', 'public': 'r-------', 'userGroups': {}, 'users': {}}",Viral hemorrhagic fever (Suspected cases),"[{'locale': 'fr', 'property': 'SHORT_NAME', 'value': 'Fièvre virale hémorragique (Cas suspect)'}, {'locale': 'cs', 'property': 'FORM_NAME', 'value': 'V průběhu týdne epidemie byly hlášeny nové podezřelé případy virové hemoragické horečky'}, {'locale': 'fr', 'property': 'DESCRIPTION', 'value': 'Surveillance'}, {'locale': 'cs', 'property': 'NAME', 'value': 'IDS – Virová hemoragická horečka (podezření na případy)'}, {'locale': 'cs', 'property': 'SHORT_NAME', 'value': 'Virová hemoragická horečka (podezření na případy)'}, {'locale': 'fr', 'property': 'FORM_NAME', 'value': 'Cas suspects de Fièvre Virale hémorragique rapporté pendant la semaine épidémiologique '}, {'locale': 'fr', 'property': 'NAME', 'value': 'SIMR - Fièvre hémorragique virale (cas suspect)'}, {'locale': 'cs', 'property': 'DESCRIPTION', 'value': 'Dohled'}]",INTEGER_ZERO_OR_POSITIVE,True,Surveillance,
71,[],SUM,[],{'id': 'bjDvmb4bfuf'},IDS_068,AGGREGATE,Yellow fever confirmed cases during the week,I11IpNMGxaR,[],IDS - Yellow Fever (Confirmed cases),"{'external': False, 'owner': 'vUeLeQMSwhN', 'public': 'r-------', 'userGroups': {}, 'users': {}}",Yellow Fever (Confirmed cases),"[{'locale': 'fr', 'property': 'FORM_NAME', 'value': 'Cas confirmés de Fièvre Jaune pendant la semaine '}, {'locale': 'fr', 'property': 'NAME', 'value': 'SIMR - Fièvre jaune (cas confirmé)'}, {'locale': 'fr', 'property': 'DESCRIPTION', 'value': 'Laboratoire'}, {'locale': 'es', 'property': 'DESCRIPTION', 'value': 'Laboratorio'}, {'locale': 'cs', 'property': 'NAME', 'value': 'IDS – žlutá zimnice (potvrzené případy)'}, {'locale': 'cs', 'property': 'FORM_NAME', 'value': 'Žlutá zimnice potvrzené případy během týdne'}, {'locale': 'cs', 'property': 'DESCRIPTION', 'value': 'Laboratoř'}, {'locale': 'cs', 'property': 'SHORT_NAME', 'value': 'Žlutá zimnice (potvrzené případy)'}, {'locale': 'ar_EG', 'property': 'DESCRIPTION', 'value': 'المختبر'}, {'locale': 'pt', 'property': 'DESCRIPTION', 'value': 'Laboratório'}, {'locale': 'ar_IQ', 'property': 'DESCRIPTION', 'value': 'المختبر'}, {'locale': 'ar_SD', 'property': 'DESCRIPTION', 'value': 'المختبر'}, {'locale': 'pt_BR', 'property': 'DESCRIPTION', 'value': 'Laboratório'}, {'locale': 'fr', 'property': 'SHORT_NAME', 'value': 'Fièvre jaune (Cas confirmés)'}, {'locale': 'ar', 'property': 'DESCRIPTION', 'value': 'المختبر'}, {'locale': 'es_US', 'property': 'DESCRIPTION', 'value': 'Laboratorio'}]",INTEGER_ZERO_OR_POSITIVE,True,Laboratory,
72,[],SUM,[],{'id': 'eg8enaFY861'},IDS_069,AGGREGATE,Yellow fever deaths among suspected cases during the week,sjd8VtIZxmz,[],IDS - Yellow Fever (Deaths),"{'external': False, 'owner': 'vUeLeQMSwhN', 'public': 'r-------', 'userGroups': {}, 'users': {}}",Yellow Fever (Deaths),"[{'locale': 'fr', 'property': 'DESCRIPTION', 'value': 'Surveillance'}, {'locale': 'fr', 'property': 'FORM_NAME', 'value': 'Décès de fièvre jaune parmi les cas suspects pendant la semaine'}, {'locale': 'fr', 'property': 'SHORT_NAME', 'value': 'Fièvre jaune (Décès)'}, {'locale': 'fr', 'property': 'NAME', 'value': 'SIMR - Fièvre jaune (décès)'}, {'locale': 'cs', 'property': 'DESCRIPTION', 'value': 'Dohled'}]",INTEGER_ZERO_OR_POSITIVE,True,Surveillance,
73,[],SUM,[],{'id': 'bjDvmb4bfuf'},IDS_070,AGGREGATE,Yellow fever probable cases during the week,KGWccjjpSdP,[],IDS - Yellow Fever (IgM positive),"{'external': False, 'owner': 'vUeLeQMSwhN', 'public': 'r-------', 'userGroups': {}, 'users': {}}",Yellow Fever (IgM positive),"[{'locale': 'fr', 'property': 'DESCRIPTION', 'value': 'Laboratoire'}, {'locale': 'es', 'property': 'DESCRIPTION', 'value': 'Laboratorio'}, {'locale': 'fr', 'property': 'FORM_NAME', 'value': 'Cas probables de Fièvre Jaune pendant la semaine '}, {'locale': 'cs', 'property': 'DESCRIPTION', 'value': 'Laboratoř'}, {'locale': 'ar_EG', 'property': 'DESCRIPTION', 'value': 'المختبر'}, {'locale': 'fr', 'property': 'NAME', 'value': 'SIMR - Fièvre Jaune (IgM Positif)'}, {'locale': 'cs', 'property': 'FORM_NAME', 'value': 'Pravděpodobné případy žluté zimnice během týdne'}, {'locale': 'cs', 'property': 'NAME', 'value': 'IDS – žlutá zimnice (IgM pozitivní)'}, {'locale': 'fr', 'property': 'SHORT_NAME', 'value': 'Fièvre Jaune (IgM positif)'}, {'locale': 'pt', 'property': 'DESCRIPTION', 'value': 'Laboratório'}, {'locale': 'ar_IQ', 'property': 'DESCRIPTION', 'value': 'المختبر'}, {'locale': 'ar_SD', 'property': 'DESCRIPTION', 'value': 'المختبر'}, {'locale': 'pt_BR', 'property': 'DESCRIPTION', 'value': 'Laboratório'}, {'locale': 'cs', 'property': 'SHORT_NAME', 'value': 'Žlutá zimnice (IgM pozitivní)'}, {'locale': 'ar', 'property': 'DESCRIPTION', 'value': 'المختبر'}, {'locale': 'es_US', 'property': 'DESCRIPTION', 'value': 'Laboratorio'}]",INTEGER_ZERO_OR_POSITIVE,True,Laboratory,
74,[],SUM,[],{'id': 'eg8enaFY861'},IDS_071,AGGREGATE,Yellow fever suspected cases during the week,Q1xDDDusLwl,[],IDS - Yellow Fever (Suspected cases),"{'external': False, 'owner': 'vUeLeQMSwhN', 'public': 'r-------', 'userGroups': {}, 'users': {}}",Yellow Fever (Suspected cases),"[{'locale': 'fr', 'property': 'DESCRIPTION', 'value': 'Surveillance'}, {'locale': 'fr', 'property': 'NAME', 'value': 'SIMR - Fièvre Jaune (Cas suspects)'}, {'locale': 'cs', 'property': 'FORM_NAME', 'value': 'Podezření na případy žluté zimnice během týdne'}, {'locale': 'fr', 'property': 'FORM_NAME', 'value': 'Fievre jaune - cas suspects'}, {'locale': 'fr', 'property': 'SHORT_NAME', 'value': 'Fièvre Jaune (Cas suspects)'}, {'locale': 'cs', 'property': 'SHORT_NAME', 'value': 'Žlutá zimnice (podezření na případy)'}, {'locale': 'cs', 'property': 'DESCRIPTION', 'value': 'Dohled'}, {'locale': 'cs', 'property': 'NAME', 'value': 'IDS – žlutá zimnice (podezření na případy)'}]",INTEGER_ZERO_OR_POSITIVE,True,Surveillance,
75,[],SUM,[],{'id': 'bjDvmb4bfuf'},,AGGREGATE,Total number of reports expected,v1n8aztMcYN,[],Expected_reports,"{'external': False, 'owner': 'vUeLeQMSwhN', 'public': 'r-------', 'userGroups': {}, 'users': {}}",Expected_reports,"[{'locale': 'fr', 'property': 'NAME', 'value': 'Attendu_rapports'}, {'locale': 'fr', 'property': 'FORM_NAME', 'value': 'Nombre total de rapports attendu '}, {'locale': 'fr', 'property': 'SHORT_NAME', 'value': 'Attendu_rapports'}, {'locale': 'fr', 'property': 'DESCRIPTION', 'value': 'Nombre total de rapports attendu '}]",INTEGER_ZERO_OR_POSITIVE,False,Total number of reports expected,
76,[],SUM,[],{'id': 'bjDvmb4bfuf'},,AGGREGATE,Total number of reports received/transmitted,XRFwVZNgo0p,[],IDS - Actual_Reports,"{'external': False, 'owner': 'vUeLeQMSwhN', 'public': 'r-------', 'userGroups': {}, 'users': {}}",Actual_Reports,"[{'locale': 'fr', 'property': 'FORM_NAME', 'value': 'Nombre total de rapport reçu/Transmis '}, {'locale': 'fr', 'property': 'NAME', 'value': 'SIMR - Actuel_Rapports'}, {'locale': 'cs', 'property': 'FORM_NAME', 'value': 'Celkový počet přijatých / odeslaných hlášení'}, {'locale': 'fr', 'property': 'SHORT_NAME', 'value': 'Actuel_Rapports'}]",INTEGER_ZERO_OR_POSITIVE,False,,
77,[],SUM,[],{'id': 'bjDvmb4bfuf'},IDS_003,AGGREGATE,AFP confirmed cases due to WPV during the week,b0IzLHcVdm0,[],IDS - Acute Flacid Paralysis (confirmed cases WPV),"{'external': False, 'owner': 'vUeLeQMSwhN', 'public': 'r-------', 'userGroups': {}, 'users': {}}",Acute Flacid Paralysis (confirmed cases WPV),"[{'locale': 'fr', 'property': 'DESCRIPTION', 'value': 'Laboratoire'}, {'locale': 'es', 'property': 'DESCRIPTION', 'value': 'Laboratorio'}, {'locale': 'fr', 'property': 'FORM_NAME', 'value': 'Cas de PFA confirmé due au PVS pendant la semaine '}, {'locale': 'cs', 'property': 'DESCRIPTION', 'value': 'Laboratoř'}, {'locale': 'ar_EG', 'property': 'DESCRIPTION', 'value': 'المختبر'}, {'locale': 'pt', 'property': 'DESCRIPTION', 'value': 'Laboratório'}, {'locale': 'ar_IQ', 'property': 'DESCRIPTION', 'value': 'المختبر'}, {'locale': 'fr', 'property': 'NAME', 'value': 'SIMR - Paralysie Flasque Aigue (Cas confirmé au PVS)'}, {'locale': 'ar_SD', 'property': 'DESCRIPTION', 'value': 'المختبر'}, {'locale': 'pt_BR', 'property': 'DESCRIPTION', 'value': 'Laboratório'}, {'locale': 'fr', 'property': 'SHORT_NAME', 'value': 'Paralysie Flasque Aigue (Cas confirmé au PVS)'}, {'locale': 'ar', 'property': 'DESCRIPTION', 'value': 'المختبر'}, {'locale': 'es_US', 'property': 'DESCRIPTION', 'value': 'Laboratorio'}, {'locale': 'cs', 'property': 'FORM_NAME', 'value': 'AFP potvrzené případy v důsledku WPV během týdne'}]",INTEGER_ZERO_OR_POSITIVE,True,Laboratory,
78,[],SUM,[],{'id': 'bjDvmb4bfuf'},,AGGREGATE,Alert meningitis population < 30.000,lXepqiS7wQi,[],IDS - Alert meningitis population < 30.000,"{'external': False, 'owner': 'vUeLeQMSwhN', 'public': 'r-------', 'userGroups': {}, 'users': {}}",Alert meningitis pop < 30.000,"[{'locale': 'fr', 'property': 'SHORT_NAME', 'value': 'Alerte méningite population < 30.000'}, {'locale': 'fr', 'property': 'NAME', 'value': 'SIMR - Alerte méningite population < 30.000'}, {'locale': 'fr', 'property': 'FORM_NAME', 'value': 'Alerte méningite population < 30.000'}]",NUMBER,True,,
79,[],SUM,[],{'id': 'bjDvmb4bfuf'},,AGGREGATE,Alert meningitis population > 30.000,dbdfZyjDco2,[],IDS - Alert meningitis population > 30.000,"{'external': False, 'owner': 'vUeLeQMSwhN', 'public': 'r-------', 'userGroups': {}, 'users': {}}",Alert meningitis pop > 30.000,"[{'locale': 'fr', 'property': 'SHORT_NAME', 'value': 'Alerte méningite population > 30.000'}, {'locale': 'fr', 'property': 'NAME', 'value': 'SIMR - Alerte méningite population > 30.000'}, {'locale': 'cs', 'property': 'FORM_NAME', 'value': 'Výstraha meningitida v populaci > 30.000'}, {'locale': 'fr', 'property': 'FORM_NAME', 'value': 'Alerte méningite population > 30.000'}, {'locale': 'cs', 'property': 'NAME', 'value': 'IDS - výstraha meningitidy v populaci > 30.000'}]",INTEGER_ZERO_OR_POSITIVE,True,,
80,[],SUM,[],{'id': 'bjDvmb4bfuf'},,AGGREGATE,AWD alert,k2hYvS8LTFl,[],IDS - AWD alert,"{'external': False, 'owner': 'vUeLeQMSwhN', 'public': 'r-------', 'userGroups': {}, 'users': {}}",AWD alert,"[{'locale': 'fr', 'property': 'NAME', 'value': 'SIMR - Alerte DLA'}, {'locale': 'fr', 'property': 'FORM_NAME', 'value': 'Alerte DLA'}, {'locale': 'fr', 'property': 'SHORT_NAME', 'value': 'Alerte DLA'}]",INTEGER_ZERO_OR_POSITIVE,True,,
81,[],SUM,[],{'id': 'eg8enaFY861'},IDS_023,AGGREGATE,Diptheria deaths among suspected cases during the week,xfkxDz03AFK,[],IDS - Diptheria (Deaths),"{'external': False, 'owner': 'vUeLeQMSwhN', 'public': 'r-------', 'userGroups': {}, 'users': {}}",Diptheria (Deaths),"[{'locale': 'fr', 'property': 'DESCRIPTION', 'value': 'Surveillance'}, {'locale': 'fr', 'property': 'NAME', 'value': 'SIMR - Diphtérie (Décès)'}, {'locale': 'fr', 'property': 'FORM_NAME', 'value': 'Décès diphtérie parmi les cas suspects pendant la semaine'}, {'locale': 'fr', 'property': 'SHORT_NAME', 'value': 'Diphtérie (Décès)'}, {'locale': 'cs', 'property': 'DESCRIPTION', 'value': 'Dohled'}]",INTEGER_ZERO_OR_POSITIVE,True,Surveillance,
82,[],SUM,[],{'id': 'eg8enaFY861'},IDS_033,AGGREGATE,Measles/rubella new suspected cases reported during the epi week,PR3HRX1IEBj,[],IDS - Measles/rubella (Suspected cases),"{'external': False, 'owner': 'vUeLeQMSwhN', 'public': 'r-------', 'userGroups': {}, 'users': {}}",Measles/rubella (Suspected cases),"[{'locale': 'fr', 'property': 'DESCRIPTION', 'value': 'Surveillance'}, {'locale': 'fr', 'property': 'FORM_NAME', 'value': 'Rougeole/Rubeole Nouveaux cas suspects signalés'}, {'locale': 'fr', 'property': 'NAME', 'value': 'SIMR - Rougeole/rubéole (cas suspects)'}, {'locale': 'cs', 'property': 'NAME', 'value': 'IDS – Spalničky / zarděnky (podezření na případy)'}, {'locale': 'cs', 'property': 'FORM_NAME', 'value': 'Nové podezřelé případy spalniček / zarděnek hlášeny během epi týdne'}, {'locale': 'fr', 'property': 'SHORT_NAME', 'value': 'Rougeole/rubéole (cas suspects)'}, {'locale': 'cs', 'property': 'DESCRIPTION', 'value': 'Dohled'}, {'locale': 'cs', 'property': 'SHORT_NAME', 'value': 'Spalničky / zarděnky (podezření na případy)'}]",INTEGER_ZERO_OR_POSITIVE,True,Surveillance,
83,[],SUM,[],{'id': 'bjDvmb4bfuf'},,AGGREGATE,Meningitis alert,KNruIU8QeKP,[],IDS - Meningitis alert,"{'external': False, 'owner': 'vUeLeQMSwhN', 'public': 'r-------', 'userGroups': {}, 'users': {}}",Meningitis alert,"[{'locale': 'cs', 'property': 'SHORT_NAME', 'value': 'Meningitida Výstraha'}, {'locale': 'fr', 'property': 'NAME', 'value': 'SIMR - Alerte méningite'}, {'locale': 'fr', 'property': 'SHORT_NAME', 'value': 'Alerte méningite'}, {'locale': 'cs', 'property': 'FORM_NAME', 'value': 'Meningitida Výstraha'}, {'locale': 'fr', 'property': 'FORM_NAME', 'value': 'Alerte méningite'}]",INTEGER_ZERO_OR_POSITIVE,True,,
84,[],SUM,[],{'id': 'bjDvmb4bfuf'},IDS_042,AGGREGATE,Meningitis - NmB confirmed cases for the epi week of the suspected case,LszjUZCLWP2,[],IDS - Meningitis (NmB),"{'external': False, 'owner': 'vUeLeQMSwhN', 'public': 'r-------', 'userGroups': {}, 'users': {}}",Meningitis (NmB),"[{'locale': 'cs', 'property': 'SHORT_NAME', 'value': 'meningitida (NmB)'}, {'locale': 'fr', 'property': 'NAME', 'value': 'SIMR - Méningite (NmB)'}, {'locale': 'cs', 'property': 'FORM_NAME', 'value': 'Meningitida – potvrzené případy NmB pro epi týden podezřelého případu'}, {'locale': 'fr', 'property': 'DESCRIPTION', 'value': 'Laboratoire'}, {'locale': 'es', 'property': 'DESCRIPTION', 'value': 'Laboratorio'}, {'locale': 'fr', 'property': 'FORM_NAME', 'value': 'Méningite - Cas confirmé de NmB parmi les cas confirmé de la semaine épidémiologique '}, {'locale': 'cs', 'property': 'DESCRIPTION', 'value': 'Laboratoř'}, {'locale': 'cs', 'property': 'NAME', 'value': 'IDS – meningitida (NmB)'}, {'locale': 'ar_EG', 'property': 'DESCRIPTION', 'value': 'المختبر'}, {'locale': 'pt', 'property': 'DESCRIPTION', 'value': 'Laboratório'}, {'locale': 'ar_IQ', 'property': 'DESCRIPTION', 'value': 'المختبر'}, {'locale': 'ar_SD', 'property': 'DESCRIPTION', 'value': 'المختبر'}, {'locale': 'pt_BR', 'property': 'DESCRIPTION', 'value': 'Laboratório'}, {'locale': 'ar', 'property': 'DESCRIPTION', 'value': 'المختبر'}, {'locale': 'fr', 'property': 'SHORT_NAME', 'value': 'Méningite (NmB)'}, {'locale': 'es_US', 'property': 'DESCRIPTION', 'value': 'Laboratorio'}]",INTEGER_ZERO_OR_POSITIVE,True,Laboratory,
85,[],SUM,[],{'id': 'bjDvmb4bfuf'},IDS_047,AGGREGATE,Meningitis - Other Nm ind. confirmed cases for the epi week of the suspected case,BYXzAABOEbr,[],IDS - Meningitis (Other Nm ind.),"{'external': False, 'owner': 'vUeLeQMSwhN', 'public': 'r-------', 'userGroups': {}, 'users': {}}",Meningitis (Other Nm ind.),"[{'locale': 'fr', 'property': 'DESCRIPTION', 'value': 'Laboratoire'}, {'locale': 'es', 'property': 'DESCRIPTION', 'value': 'Laboratorio'}, {'locale': 'fr', 'property': 'FORM_NAME', 'value': 'Méningite - Autre Nm ind. cas confirmés pour la semaine épi du cas suspect'}, {'locale': 'cs', 'property': 'DESCRIPTION', 'value': 'Laboratoř'}, {'locale': 'ar_EG', 'property': 'DESCRIPTION', 'value': 'المختبر'}, {'locale': 'fr', 'property': 'NAME', 'value': 'SIMR - Méningite (Autres Nm ind.)'}, {'locale': 'pt', 'property': 'DESCRIPTION', 'value': 'Laboratório'}, {'locale': 'cs', 'property': 'FORM_NAME', 'value': 'Meningitida - Ostatní Nm ind. potvrzené případy pro epi týden podezřelého případu'}, {'locale': 'cs', 'property': 'NAME', 'value': 'IDS – meningitida (jiné Nm ind.)'}, {'locale': 'ar_IQ', 'property': 'DESCRIPTION', 'value': 'المختبر'}, {'locale': 'cs', 'property': 'SHORT_NAME', 'value': 'Meningitida (jiné Nm ind.)'}, {'locale': 'fr', 'property': 'SHORT_NAME', 'value': 'Méningite (Autre Nm ind.)'}, {'locale': 'ar_SD', 'property': 'DESCRIPTION', 'value': 'المختبر'}, {'locale': 'pt_BR', 'property': 'DESCRIPTION', 'value': 'Laboratório'}, {'locale': 'ar', 'property': 'DESCRIPTION', 'value': 'المختبر'}, {'locale': 'es_US', 'property': 'DESCRIPTION', 'value': 'Laboratorio'}]",INTEGER_ZERO_OR_POSITIVE,True,Laboratory,
86,[],SUM,[],{'id': 'bjDvmb4bfuf'},,AGGREGATE,,I3570OWVcKN,[],IDS - Meningitis outbreak2,"{'external': False, 'owner': 'vUeLeQMSwhN', 'public': 'r-------', 'userGroups': {}, 'users': {}}",Meningitis outbreak2,"[{'locale': 'cs', 'property': 'NAME', 'value': 'IDS – meningitida vypuknutí2'}, {'locale': 'fr', 'property': 'SHORT_NAME', 'value': 'Épidémie de méningite2'}, {'locale': 'cs', 'property': 'SHORT_NAME', 'value': 'Meningitida vypuknutí2'}, {'locale': 'fr', 'property': 'NAME', 'value': 'SIMR -  Épidémie de méningite2'}]",INTEGER_ZERO_OR_POSITIVE,True,,
87,[],SUM,[],{'id': 'eg8enaFY861'},IDS_057,AGGREGATE,Pertussis new suspected cases reported during the epi week,ClUDerxOIWR,[],IDS - Pertussis (Suspected cases),"{'external': False, 'owner': 'vUeLeQMSwhN', 'public': 'r-------', 'userGroups': {}, 'users': {}}",Pertussis (Suspected cases),"[{'locale': 'fr', 'property': 'DESCRIPTION', 'value': 'Surveillance'}, {'locale': 'fr', 'property': 'NAME', 'value': 'SIMR - Coqueluche (cas suspect)'}, {'locale': 'cs', 'property': 'FORM_NAME', 'value': 'Černý kašel Nové podezřelé případy hlášeny během týdne epi'}, {'locale': 'fr', 'property': 'FORM_NAME', 'value': ""Nouveaux cas suspects de coqueluche signalés au cours de la semaine de l'épi""}, {'locale': 'cs', 'property': 'SHORT_NAME', 'value': 'Černý kašel (podezřelé případy)'}, {'locale': 'fr', 'property': 'SHORT_NAME', 'value': 'Coqueluche (cas suspect)'}, {'locale': 'cs', 'property': 'NAME', 'value': 'IDS – černý kašel (podezření na případy)'}, {'locale': 'cs', 'property': 'DESCRIPTION', 'value': 'Dohled'}]",INTEGER_ZERO_OR_POSITIVE,True,Surveillance,
88,[],SUM,[],{'id': 'bjDvmb4bfuf'},,AGGREGATE,Yellow fever alert,jUaZniVe1Uq,[],IDS - Yellow fever alert,"{'external': False, 'owner': 'vUeLeQMSwhN', 'public': 'r-------', 'userGroups': {}, 'users': {}}",Yellow fever alert,"[{'locale': 'fr', 'property': 'SHORT_NAME', 'value': 'Alerte de fièvre jaune'}, {'locale': 'fr', 'property': 'NAME', 'value': 'SIMR - Alerte fièvre jaune'}, {'locale': 'fr', 'property': 'FORM_NAME', 'value': 'Alerte fièvre jaune'}]",INTEGER_POSITIVE,True,,
